id	family	form	intent	source_path	source_introduction_commit	source_content_commit	source_sha256	baseline_binary_sha256	baseline_rc	baseline_observed	baseline_result	baseline_log	baseline_log_sha256	repair_binary_sha256	repair_rc	repair_observed	repair_result	repair_log	repair_log_sha256	verdict_flip	measurement_provenance
r2arm_sibling_binder_drops_requires	M-ARM-BINDER	carrier	REJECT	tests/soundness/matrix/cases/r2arm_sibling_binder_drops_requires.anb	2ab0f01f9d738b10faa6df64aed8ba1f156f24cc	2ab0f01f9d738b10faa6df64aed8ba1f156f24cc	bb320b1ca0c970d6a4381df4078b4e1dacfaddb691af1587cc86a904671f152a	c91445cdb04faab827925289a1c426ac358d4491ae6732f63d1bfb752a4713e7	0	ACCEPT	FAIL-silent	out/mcall-position-repair/focused-baseline-db367d49/r2arm_sibling_binder_drops_requires.carrier.log	53f1ed02a85b7c1b62ee6d67aba9c6116a10db9216e49da9ded67fc16f202610	8aeab6a60607782c766e5a75aa0e535448351de8e9ddb68de8c9f1847ba4f3ff	0	ACCEPT	FAIL-silent	out/mcall-position-repair/focused-repair-db367d49/r2arm_sibling_binder_drops_requires.carrier.log	53f1ed02a85b7c1b62ee6d67aba9c6116a10db9216e49da9ded67fc16f202610	false	focused-pair
r2arm_sibling_binder_drops_requires	M-ARM-BINDER	direct	REJECT	tests/soundness/matrix/cases/r2arm_sibling_binder_drops_requires.direct.anb	2ab0f01f9d738b10faa6df64aed8ba1f156f24cc	2ab0f01f9d738b10faa6df64aed8ba1f156f24cc	0a1044621d90b3d2b8ee8fbd15c17c6761047d0447c0f7295b044466103e0d2f	c91445cdb04faab827925289a1c426ac358d4491ae6732f63d1bfb752a4713e7	1	DISPROVED	compare	out/mcall-position-repair/focused-baseline-db367d49/r2arm_sibling_binder_drops_requires.direct.log	90ef3a5a1484c524dbb8a8cdfad6693f9e82c4111ec24b7b5beedfa740eb2c06	8aeab6a60607782c766e5a75aa0e535448351de8e9ddb68de8c9f1847ba4f3ff	1	DISPROVED	compare	out/mcall-position-repair/focused-repair-db367d49/r2arm_sibling_binder_drops_requires.direct.log	279136efd5cff2e5d1a2e029e8eee58e21973636a0459842a67fab4ab266d343	false	focused-pair
r2arm_unrelated_assumption_drops_requires	M-ARM-BINDER	carrier	REJECT	tests/soundness/matrix/cases/r2arm_unrelated_assumption_drops_requires.anb	2ab0f01f9d738b10faa6df64aed8ba1f156f24cc	2ab0f01f9d738b10faa6df64aed8ba1f156f24cc	8051c0c2e9c34263c27c7b2c8c6bf1df2374db37020044a86766b05482d4333d	c91445cdb04faab827925289a1c426ac358d4491ae6732f63d1bfb752a4713e7	0	ACCEPT	FAIL-silent	out/mcall-position-repair/focused-baseline-db367d49/r2arm_unrelated_assumption_drops_requires.carrier.log	dd5c7107a276c7dc1e1f9148a99cf396392e4351cda09e1088805d48a7f06708	8aeab6a60607782c766e5a75aa0e535448351de8e9ddb68de8c9f1847ba4f3ff	0	ACCEPT	FAIL-silent	out/mcall-position-repair/focused-repair-db367d49/r2arm_unrelated_assumption_drops_requires.carrier.log	dd5c7107a276c7dc1e1f9148a99cf396392e4351cda09e1088805d48a7f06708	false	focused-pair
r2arm_unrelated_assumption_drops_requires	M-ARM-BINDER	direct	REJECT	tests/soundness/matrix/cases/r2arm_unrelated_assumption_drops_requires.direct.anb	2ab0f01f9d738b10faa6df64aed8ba1f156f24cc	2ab0f01f9d738b10faa6df64aed8ba1f156f24cc	08eae6dd3a421437ca15a6bd740c529fb56f6a4a30cba11a683f5b5c3d570ce3	c91445cdb04faab827925289a1c426ac358d4491ae6732f63d1bfb752a4713e7	1	DISPROVED	compare	out/mcall-position-repair/focused-baseline-db367d49/r2arm_unrelated_assumption_drops_requires.direct.log	84b49fa79595ca1dfdac1a23a16c1aa9d3a1078d74d00f69017e8e2b7765ef1a	8aeab6a60607782c766e5a75aa0e535448351de8e9ddb68de8c9f1847ba4f3ff	1	DISPROVED	compare	out/mcall-position-repair/focused-repair-db367d49/r2arm_unrelated_assumption_drops_requires.direct.log	aff5a15ae1c20dfb9164452db305f6f5d6c1e193da9c50371b3efa0f36c50340	false	focused-pair
r2arm_renamed_binder_preserves_requires	M-ARM-BINDER	carrier	REJECT	tests/soundness/matrix/cases/r2arm_renamed_binder_preserves_requires.anb	2ab0f01f9d738b10faa6df64aed8ba1f156f24cc	2ab0f01f9d738b10faa6df64aed8ba1f156f24cc	6c705caf9f720daa2e49cbc1f24eef1fea8ce7681036a43fd1c13e0daf4e0c7a	c91445cdb04faab827925289a1c426ac358d4491ae6732f63d1bfb752a4713e7	1	DISPROVED	PASS	out/mcall-position-repair/focused-baseline-db367d49/r2arm_renamed_binder_preserves_requires.carrier.log	43beced37073075adfd43802753989c06dbfac6f09c92108ffe8917f6fe0c340	8aeab6a60607782c766e5a75aa0e535448351de8e9ddb68de8c9f1847ba4f3ff	1	DISPROVED	PASS	out/mcall-position-repair/focused-repair-db367d49/r2arm_renamed_binder_preserves_requires.carrier.log	056d28f47db621b616b70a5dcb3b3428643feca01e7a7d0f3d195e8979b76cfc	false	focused-pair
r2arm_satisfied_requires_remains_valid	M-ARM-BINDER	carrier	ACCEPT	tests/soundness/matrix/cases/r2arm_satisfied_requires_remains_valid.anb	2ab0f01f9d738b10faa6df64aed8ba1f156f24cc	2ab0f01f9d738b10faa6df64aed8ba1f156f24cc	2250e627fe9fbf6d49fdaabe69b81afe3aa6f7e4d1649ba0c040402944f0b09e	c91445cdb04faab827925289a1c426ac358d4491ae6732f63d1bfb752a4713e7	0	ACCEPT	PASS	out/mcall-position-repair/focused-baseline-db367d49/r2arm_satisfied_requires_remains_valid.carrier.log	699309ae1cfda7c06cae2564d9fffebb099beefd324956f2ed0ec1805cd72114	8aeab6a60607782c766e5a75aa0e535448351de8e9ddb68de8c9f1847ba4f3ff	0	ACCEPT	PASS	out/mcall-position-repair/focused-repair-db367d49/r2arm_satisfied_requires_remains_valid.carrier.log	699309ae1cfda7c06cae2564d9fffebb099beefd324956f2ed0ec1805cd72114	false	focused-pair
r2arm_contract_call_scrutinee	M-CALL-POSITION	carrier	REJECT	tests/soundness/matrix/cases/r2arm_contract_call_scrutinee.anb	e4f9bcb70530ace15033fd5e3db17e77c1d9753f	e4f9bcb70530ace15033fd5e3db17e77c1d9753f	b65d9ff62444c45a5fe28483d416ca131700e54afc67c29230b83a6cd2c4ff8b	c91445cdb04faab827925289a1c426ac358d4491ae6732f63d1bfb752a4713e7	0	ACCEPT	FAIL-silent	out/mcall-position-repair/focused-baseline-db367d49/r2arm_contract_call_scrutinee.carrier.log	e7c0ba5ce8896431bc9a9b2057ff7c85ec2d98614d88ae985444a25a8d3a4c9e	8aeab6a60607782c766e5a75aa0e535448351de8e9ddb68de8c9f1847ba4f3ff	1	DISPROVED	PASS	out/mcall-position-repair/focused-repair-db367d49/r2arm_contract_call_scrutinee.carrier.log	2324809b9b98d2f79f3c93f5243b60ef7dedec41ea711a6bc24c5540d59b622b	true	focused-pair
r2arm_contract_call_scrutinee	M-CALL-POSITION	direct	REJECT	tests/soundness/matrix/cases/r2arm_contract_call_scrutinee.direct.anb	e4f9bcb70530ace15033fd5e3db17e77c1d9753f	e4f9bcb70530ace15033fd5e3db17e77c1d9753f	b0a77a2e1fd9fc31a465b52f91fac9c30e79d12e4a99d9d3b8c8689194d7b5ca	c91445cdb04faab827925289a1c426ac358d4491ae6732f63d1bfb752a4713e7	1	DISPROVED	compare	out/mcall-position-repair/focused-baseline-db367d49/r2arm_contract_call_scrutinee.direct.log	b7562748076895624008e1ee4750ebe949b84d4b1e1447c113178b0ab7213020	8aeab6a60607782c766e5a75aa0e535448351de8e9ddb68de8c9f1847ba4f3ff	1	DISPROVED	compare	out/mcall-position-repair/focused-repair-db367d49/r2arm_contract_call_scrutinee.direct.log	628b057678f13eff6b5bd8c9a1adae6d26219972ed1be529a00737f4c7dfd252	false	focused-pair
r2arm_contract_call_guard	M-CALL-POSITION	carrier	REJECT	tests/soundness/matrix/cases/r2arm_contract_call_guard.anb	e4f9bcb70530ace15033fd5e3db17e77c1d9753f	e4f9bcb70530ace15033fd5e3db17e77c1d9753f	144704589a6375a580caf133e433200a7cfd2dd04c7071f8a7448516ad85a63a	c91445cdb04faab827925289a1c426ac358d4491ae6732f63d1bfb752a4713e7	0	ACCEPT	FAIL-silent	out/mcall-position-repair/focused-baseline-db367d49/r2arm_contract_call_guard.carrier.log	2c4e8ecfd0c37d3199cff88ef67fde22210eef39daf14e515aca4fd6b6a33420	8aeab6a60607782c766e5a75aa0e535448351de8e9ddb68de8c9f1847ba4f3ff	1	DISPROVED	PASS	out/mcall-position-repair/focused-repair-db367d49/r2arm_contract_call_guard.carrier.log	7812ff9a141a93e48fbbcd0d661ad47b2a4b92e33a29fc86d4aee95a81d43520	true	focused-pair
r2arm_contract_call_guard	M-CALL-POSITION	direct	REJECT	tests/soundness/matrix/cases/r2arm_contract_call_guard.direct.anb	e4f9bcb70530ace15033fd5e3db17e77c1d9753f	e4f9bcb70530ace15033fd5e3db17e77c1d9753f	e7facc56237a38da37a4f7c8edc52eae6d1ef5b2718f90777cc2c16f26f732f7	c91445cdb04faab827925289a1c426ac358d4491ae6732f63d1bfb752a4713e7	1	DISPROVED	compare	out/mcall-position-repair/focused-baseline-db367d49/r2arm_contract_call_guard.direct.log	b7f25d44bd6b54cb31be9cc6875f93e3daa2f21c868f23a7bfba516b5631b247	8aeab6a60607782c766e5a75aa0e535448351de8e9ddb68de8c9f1847ba4f3ff	1	DISPROVED	compare	out/mcall-position-repair/focused-repair-db367d49/r2arm_contract_call_guard.direct.log	4cf66685851c24654701f295fedd30679dd7f797a62fb79f56cf77133301bed9	false	focused-pair
r2arm_iflet_scrutinee_call	M-CALL-POSITION	carrier	REJECT	tests/soundness/matrix/cases/r2arm_iflet_scrutinee_call.anb	e4f9bcb70530ace15033fd5e3db17e77c1d9753f	e4f9bcb70530ace15033fd5e3db17e77c1d9753f	683e5d15ae1587f0c258ae4c427ce6d6c81015c4743ab9e761f22095c33786ae	c91445cdb04faab827925289a1c426ac358d4491ae6732f63d1bfb752a4713e7	0	ACCEPT	FAIL-silent	out/mcall-position-repair/focused-baseline-db367d49/r2arm_iflet_scrutinee_call.carrier.log	f6dd1889bc55979d8f2ae4f41a941f69210ff16e9bcff3d692da1d244b85e275	8aeab6a60607782c766e5a75aa0e535448351de8e9ddb68de8c9f1847ba4f3ff	1	DISPROVED	PASS	out/mcall-position-repair/focused-repair-db367d49/r2arm_iflet_scrutinee_call.carrier.log	4f9e1b05d68fea7581b1fd4c3f9ab60404189d43dc3e50c45d2d319e35e10657	true	focused-pair
r2arm_iflet_scrutinee_call	M-CALL-POSITION	direct	REJECT	tests/soundness/matrix/cases/r2arm_iflet_scrutinee_call.direct.anb	e4f9bcb70530ace15033fd5e3db17e77c1d9753f	e4f9bcb70530ace15033fd5e3db17e77c1d9753f	b0a77a2e1fd9fc31a465b52f91fac9c30e79d12e4a99d9d3b8c8689194d7b5ca	c91445cdb04faab827925289a1c426ac358d4491ae6732f63d1bfb752a4713e7	1	DISPROVED	compare	out/mcall-position-repair/focused-baseline-db367d49/r2arm_iflet_scrutinee_call.direct.log	f09f379c93fca9a6314d0cab4f779a2a3da9d25b11d5f43c0a787c74fe5882fb	8aeab6a60607782c766e5a75aa0e535448351de8e9ddb68de8c9f1847ba4f3ff	1	DISPROVED	compare	out/mcall-position-repair/focused-repair-db367d49/r2arm_iflet_scrutinee_call.direct.log	255d8d0a7f584ad236e939194b3877589d25441ea3ea7b555e87cb212b99ea38	false	focused-pair
r2arm_same_binder_invalid_match	M-ARM-BINDER	carrier	REJECT	tests/soundness/matrix/cases/r2arm_same_binder_invalid_match.anb	e4f9bcb70530ace15033fd5e3db17e77c1d9753f	e4f9bcb70530ace15033fd5e3db17e77c1d9753f	68120f2ca97d36991ac82112364914a389d1217dbbc20f2da395fee8715d5a76	c91445cdb04faab827925289a1c426ac358d4491ae6732f63d1bfb752a4713e7	1	UNDECIDED	FAIL-wrong-class	out/mcall-position-repair/focused-baseline-db367d49/r2arm_same_binder_invalid_match.carrier.log	cac001e663c11f70d9ddbb549b9180960c32607096e1567e71a22aa2e2066d38	8aeab6a60607782c766e5a75aa0e535448351de8e9ddb68de8c9f1847ba4f3ff	1	UNDECIDED	FAIL-wrong-class	out/mcall-position-repair/focused-repair-db367d49/r2arm_same_binder_invalid_match.carrier.log	5e0ebdc1f80b6d83bf35063255106ae7fc937713b7ba296dd461a0f551519b3f	false	focused-pair
r2arm_same_binder_invalid_iflet	M-ARM-BINDER	carrier	REJECT	tests/soundness/matrix/cases/r2arm_same_binder_invalid_iflet.anb	e4f9bcb70530ace15033fd5e3db17e77c1d9753f	e4f9bcb70530ace15033fd5e3db17e77c1d9753f	fa95aa6f54ca850366870ff66eea8b2271f9b31195a0603fc2257e10593db5e3	c91445cdb04faab827925289a1c426ac358d4491ae6732f63d1bfb752a4713e7	1	UNDECIDED	FAIL-wrong-class	out/mcall-position-repair/focused-baseline-db367d49/r2arm_same_binder_invalid_iflet.carrier.log	d34670175ac1099d0f9a99ebe1fdc30e5805b7e76892e4f49d23837a0693981a	8aeab6a60607782c766e5a75aa0e535448351de8e9ddb68de8c9f1847ba4f3ff	1	UNDECIDED	FAIL-wrong-class	out/mcall-position-repair/focused-repair-db367d49/r2arm_same_binder_invalid_iflet.carrier.log	1bcd9176bdb2b9f876b9e7f255b2e51712d9ecc6d42eb77f5302674ed77dccb2	false	focused-pair
r2arm_same_binder_valid_match	M-ARM-BINDER	carrier	ACCEPT	tests/soundness/matrix/cases/r2arm_same_binder_valid_match.anb	e4f9bcb70530ace15033fd5e3db17e77c1d9753f	e4f9bcb70530ace15033fd5e3db17e77c1d9753f	46b07d1258d75d434c71ff2868ec7e92a435a79c9041aa16a7e5425072135fea	c91445cdb04faab827925289a1c426ac358d4491ae6732f63d1bfb752a4713e7	1	UNDECIDED	FAIL-wrong-class	out/mcall-position-repair/focused-baseline-db367d49/r2arm_same_binder_valid_match.carrier.log	71640c8ae0bb591965f2bbabf62019060df4abfb2bc7ece5e43a9e9b07cbeb75	8aeab6a60607782c766e5a75aa0e535448351de8e9ddb68de8c9f1847ba4f3ff	1	UNDECIDED	FAIL-wrong-class	out/mcall-position-repair/focused-repair-db367d49/r2arm_same_binder_valid_match.carrier.log	813491b8ea34fb558cbfe8686dc392060b150b573e19a837f641d8cea35104c7	false	focused-pair
r2arm_same_binder_valid_iflet	M-ARM-BINDER	carrier	ACCEPT	tests/soundness/matrix/cases/r2arm_same_binder_valid_iflet.anb	e4f9bcb70530ace15033fd5e3db17e77c1d9753f	e4f9bcb70530ace15033fd5e3db17e77c1d9753f	38c7280c73dce18a60f16ae2afecd1a4794faa8add5781da83ea0e1a98c7f9fb	c91445cdb04faab827925289a1c426ac358d4491ae6732f63d1bfb752a4713e7	1	UNDECIDED	FAIL-wrong-class	out/mcall-position-repair/focused-baseline-db367d49/r2arm_same_binder_valid_iflet.carrier.log	e144840ef3847e0fe425cc31c5c6d93793032c7c10a929dcb42b45941346ec62	8aeab6a60607782c766e5a75aa0e535448351de8e9ddb68de8c9f1847ba4f3ff	1	UNDECIDED	FAIL-wrong-class	out/mcall-position-repair/focused-repair-db367d49/r2arm_same_binder_valid_iflet.carrier.log	168dfa0a13d23b55a48abe9938dd56c05a8a031dd77584195dd8bd3c2eceff55	false	focused-pair
r2arm_dead_binder_after_return	M-ARM-BINDER	carrier	ACCEPT	tests/soundness/matrix/cases/r2arm_dead_binder_after_return.anb	e4f9bcb70530ace15033fd5e3db17e77c1d9753f	e4f9bcb70530ace15033fd5e3db17e77c1d9753f	00d6467a2ff0b8ad5776fb08aafd95bf42a5f2fc24e73e6bdaed22cf532ae240	c91445cdb04faab827925289a1c426ac358d4491ae6732f63d1bfb752a4713e7	1	UNDECIDED	FAIL-wrong-class	out/mcall-position-repair/focused-baseline-db367d49/r2arm_dead_binder_after_return.carrier.log	9247b719a396076e951f4757b1623f557556f6551b9940b1532f1efd8c390357	8aeab6a60607782c766e5a75aa0e535448351de8e9ddb68de8c9f1847ba4f3ff	1	UNDECIDED	FAIL-wrong-class	out/mcall-position-repair/focused-repair-db367d49/r2arm_dead_binder_after_return.carrier.log	985e4b7316357cabed2b350d0cc3e30239e61a0252c0e0f7138ec230796a9ce0	false	focused-pair
r2arm_guard_false_binder_valid	M-ARM-BINDER	carrier	ACCEPT	tests/soundness/matrix/cases/r2arm_guard_false_binder_valid.anb	e4f9bcb70530ace15033fd5e3db17e77c1d9753f	e4f9bcb70530ace15033fd5e3db17e77c1d9753f	392d01e405e7887152773b38648cd4585e9285d7f8646116ca132650b3c143d6	c91445cdb04faab827925289a1c426ac358d4491ae6732f63d1bfb752a4713e7	1	UNDECIDED	FAIL-wrong-class	out/mcall-position-repair/focused-baseline-db367d49/r2arm_guard_false_binder_valid.carrier.log	7920e878db5f927ecc73677453d1664f5ec0705b24fb8f1b7757fa3df4878aab	8aeab6a60607782c766e5a75aa0e535448351de8e9ddb68de8c9f1847ba4f3ff	1	UNDECIDED	FAIL-wrong-class	out/mcall-position-repair/focused-repair-db367d49/r2arm_guard_false_binder_valid.carrier.log	5e3b71a421f7d979e36228cf2db29206cf4af3dcaec6501b8e1102e3783e6719	false	focused-pair
r2arm_guard_establishes_binder_valid	M-ARM-BINDER	carrier	ACCEPT	tests/soundness/matrix/cases/r2arm_guard_establishes_binder_valid.anb	e4f9bcb70530ace15033fd5e3db17e77c1d9753f	e4f9bcb70530ace15033fd5e3db17e77c1d9753f	0dafb12ae9dc1654052072d0d23227f8aecf0941b646e2cba6c4e7876e371c8b	c91445cdb04faab827925289a1c426ac358d4491ae6732f63d1bfb752a4713e7	1	UNDECIDED	FAIL-wrong-class	out/mcall-position-repair/focused-baseline-db367d49/r2arm_guard_establishes_binder_valid.carrier.log	74a823637de9a812f92b23b8cbfbb7c0429991938f576e60c41fc415a5df80fe	8aeab6a60607782c766e5a75aa0e535448351de8e9ddb68de8c9f1847ba4f3ff	1	UNDECIDED	FAIL-wrong-class	out/mcall-position-repair/focused-repair-db367d49/r2arm_guard_establishes_binder_valid.carrier.log	cc3515aabbbd2c8c8d3bf83d86d51473c24f2408f336e1de9ff4456ad239634d	false	focused-pair
r2arm_quoted_string_symbol_valid	M-ARM-BINDER	carrier	ACCEPT	tests/soundness/matrix/cases/r2arm_quoted_string_symbol_valid.anb	e4f9bcb70530ace15033fd5e3db17e77c1d9753f	e4f9bcb70530ace15033fd5e3db17e77c1d9753f	68524c707e04a2eddb486b7ad10898a30553bbddc21c2203b09d13cb2fd14770	c91445cdb04faab827925289a1c426ac358d4491ae6732f63d1bfb752a4713e7	0	ACCEPT	PASS	out/mcall-position-repair/focused-baseline-db367d49/r2arm_quoted_string_symbol_valid.carrier.log	377df21523c57d0baa47e9b2aa08fe1b3f8326f77cbbe943d5bfb4f20cdc5983	8aeab6a60607782c766e5a75aa0e535448351de8e9ddb68de8c9f1847ba4f3ff	0	ACCEPT	PASS	out/mcall-position-repair/focused-repair-db367d49/r2arm_quoted_string_symbol_valid.carrier.log	377df21523c57d0baa47e9b2aa08fe1b3f8326f77cbbe943d5bfb4f20cdc5983	false	focused-pair
r2arm_contract_call_scrutinee_satisfied	M-CALL-POSITION	carrier	ACCEPT	tests/soundness/matrix/cases/r2arm_contract_call_scrutinee_satisfied.anb	801766852e6c3e730ba5b4f0a3f2bc75efff2d5d	801766852e6c3e730ba5b4f0a3f2bc75efff2d5d	20ecebde3b1d69b78db8ebe585a179b8839b7ccf9c41c5dafb84a8c631816919	c91445cdb04faab827925289a1c426ac358d4491ae6732f63d1bfb752a4713e7	0	ACCEPT	PASS	out/mcall-position-repair/focused-baseline-db367d49/r2arm_contract_call_scrutinee_satisfied.carrier.log	521f1881a9e442f1cdfc3a97b87fa91c5e96311b7218af3fce0a7988d5253c8c	8aeab6a60607782c766e5a75aa0e535448351de8e9ddb68de8c9f1847ba4f3ff	0	ACCEPT	PASS	out/mcall-position-repair/focused-repair-db367d49/r2arm_contract_call_scrutinee_satisfied.carrier.log	ced641aa5e18aab89356425aaef5931f65781587d6b423dee1f0403d8f6f92d5	false	focused-pair
r2arm_contract_call_guard_satisfied	M-CALL-POSITION	carrier	ACCEPT	tests/soundness/matrix/cases/r2arm_contract_call_guard_satisfied.anb	801766852e6c3e730ba5b4f0a3f2bc75efff2d5d	801766852e6c3e730ba5b4f0a3f2bc75efff2d5d	0c8e879946058fea99751d7b0a449f313d86dc606d7e9f09775cefb2d3e4514f	c91445cdb04faab827925289a1c426ac358d4491ae6732f63d1bfb752a4713e7	0	ACCEPT	PASS	out/mcall-position-repair/focused-baseline-db367d49/r2arm_contract_call_guard_satisfied.carrier.log	b309159bb64d46c22d824172b0368ca6b3c41f0efc5123cb163a61f8fe88c413	8aeab6a60607782c766e5a75aa0e535448351de8e9ddb68de8c9f1847ba4f3ff	0	ACCEPT	PASS	out/mcall-position-repair/focused-repair-db367d49/r2arm_contract_call_guard_satisfied.carrier.log	5a4d3c13ada1c1a234b61f51bab593aa061649ed390675ed490c1dd46614e658	false	focused-pair
r2arm_iflet_scrutinee_call_satisfied	M-CALL-POSITION	carrier	ACCEPT	tests/soundness/matrix/cases/r2arm_iflet_scrutinee_call_satisfied.anb	801766852e6c3e730ba5b4f0a3f2bc75efff2d5d	801766852e6c3e730ba5b4f0a3f2bc75efff2d5d	8f00ae1338c9e40d013f66b195c55a083163d1bddf7c15dcd840ed9005c84330	c91445cdb04faab827925289a1c426ac358d4491ae6732f63d1bfb752a4713e7	0	ACCEPT	PASS	out/mcall-position-repair/focused-baseline-db367d49/r2arm_iflet_scrutinee_call_satisfied.carrier.log	11902aa46071bdfdf81fd4df41a114afcaa347ecb34997874eb0931d362cce49	8aeab6a60607782c766e5a75aa0e535448351de8e9ddb68de8c9f1847ba4f3ff	0	ACCEPT	PASS	out/mcall-position-repair/focused-repair-db367d49/r2arm_iflet_scrutinee_call_satisfied.carrier.log	ee6fff2b6386812daf6f5d8f56811dbe385a0fb7a2bd971f0e818a303d147e06	false	focused-pair
r2arm_contract_call_guard_short_circuit	M-CALL-POSITION	carrier	ACCEPT	tests/soundness/matrix/cases/r2arm_contract_call_guard_short_circuit.anb	801766852e6c3e730ba5b4f0a3f2bc75efff2d5d	801766852e6c3e730ba5b4f0a3f2bc75efff2d5d	b253ffbfdee3f3e66a545499ada91d2f2170d12d384ca33a56db232f665a320a	c91445cdb04faab827925289a1c426ac358d4491ae6732f63d1bfb752a4713e7	0	ACCEPT	PASS	out/mcall-position-repair/focused-baseline-db367d49/r2arm_contract_call_guard_short_circuit.carrier.log	7a76523633eda1536d66b288ced6ad1048faf852e435af97f1abfa8e55a3244b	8aeab6a60607782c766e5a75aa0e535448351de8e9ddb68de8c9f1847ba4f3ff	0	ACCEPT	PASS	out/mcall-position-repair/focused-repair-db367d49/r2arm_contract_call_guard_short_circuit.carrier.log	aaa9300e0a2467ae4994d7f7a422dfdfea782fe2fa8c11e81add71f6c544cf89	false	focused-pair
r2arm_contract_call_guard_after_wildcard	M-CALL-POSITION	carrier	ACCEPT	tests/soundness/matrix/cases/r2arm_contract_call_guard_after_wildcard.anb	801766852e6c3e730ba5b4f0a3f2bc75efff2d5d	801766852e6c3e730ba5b4f0a3f2bc75efff2d5d	e3e6e76666632977f965b40b4d09316569310b338cc57d1590d3705c93da0e04	c91445cdb04faab827925289a1c426ac358d4491ae6732f63d1bfb752a4713e7	0	ACCEPT	PASS	out/mcall-position-repair/focused-baseline-db367d49/r2arm_contract_call_guard_after_wildcard.carrier.log	90f53a700ff7e40788568fc908048c8e0cbb13d208751cae3e3a67935c364846	8aeab6a60607782c766e5a75aa0e535448351de8e9ddb68de8c9f1847ba4f3ff	0	ACCEPT	PASS	out/mcall-position-repair/focused-repair-db367d49/r2arm_contract_call_guard_after_wildcard.carrier.log	90f53a700ff7e40788568fc908048c8e0cbb13d208751cae3e3a67935c364846	false	focused-pair
r2arm_outer_fact_after_match_scrutinee_call	M-CALL-POSITION	carrier	ACCEPT	tests/soundness/matrix/cases/r2arm_outer_fact_after_match_scrutinee_call.anb	5e4604d2ca9204787ac4a6d58ec98b0d1ea14094	5e4604d2ca9204787ac4a6d58ec98b0d1ea14094	cf32fdaae66f602c331eeb919283afcbbd9bfb6f997b9310d5d7add50d2f396b	c91445cdb04faab827925289a1c426ac358d4491ae6732f63d1bfb752a4713e7	0	ACCEPT	PASS	out/mcall-position-repair/focused-baseline-db367d49/r2arm_outer_fact_after_match_scrutinee_call.carrier.log	e3c4687eb899747d8eaecf0a4ac6346b611ba9814fe1b90798b5102a44fe2580	8aeab6a60607782c766e5a75aa0e535448351de8e9ddb68de8c9f1847ba4f3ff	0	ACCEPT	PASS	out/mcall-position-repair/focused-repair-db367d49/r2arm_outer_fact_after_match_scrutinee_call.carrier.log	b7373ce6370eeafe51a737817bbb15cbfc3feb74f36147faa94d70d991623752	false	focused-pair
r2arm_outer_fact_after_match_guard_call	M-CALL-POSITION	carrier	ACCEPT	tests/soundness/matrix/cases/r2arm_outer_fact_after_match_guard_call.anb	5e4604d2ca9204787ac4a6d58ec98b0d1ea14094	5e4604d2ca9204787ac4a6d58ec98b0d1ea14094	07c3ba28c382b33db7a89e975d21338a4bfd9d33fa5550e72d55bbe2a4691360	c91445cdb04faab827925289a1c426ac358d4491ae6732f63d1bfb752a4713e7	0	ACCEPT	PASS	out/mcall-position-repair/focused-baseline-db367d49/r2arm_outer_fact_after_match_guard_call.carrier.log	8ad406dc780e65d59dbf2f29a5d67a57f2fcec3807f46425fe51236d43b62cf1	8aeab6a60607782c766e5a75aa0e535448351de8e9ddb68de8c9f1847ba4f3ff	0	ACCEPT	PASS	out/mcall-position-repair/focused-repair-db367d49/r2arm_outer_fact_after_match_guard_call.carrier.log	c25c0deccb67bf3a1cede8f7d7785402ff45ae00e116be268541dbcc3ddec81b	false	focused-pair
r2arm_outer_fact_after_iflet_scrutinee_call	M-CALL-POSITION	carrier	ACCEPT	tests/soundness/matrix/cases/r2arm_outer_fact_after_iflet_scrutinee_call.anb	5e4604d2ca9204787ac4a6d58ec98b0d1ea14094	5e4604d2ca9204787ac4a6d58ec98b0d1ea14094	fc2000b2327dcd8b4ccce4648d71658c8159046e0abc87d3d93901a67b72f9e3	c91445cdb04faab827925289a1c426ac358d4491ae6732f63d1bfb752a4713e7	0	ACCEPT	PASS	out/mcall-position-repair/focused-baseline-db367d49/r2arm_outer_fact_after_iflet_scrutinee_call.carrier.log	375c45ef32d61bbbc9894fef9a932892e67a065979daa7f08bbd23a73eb25552	8aeab6a60607782c766e5a75aa0e535448351de8e9ddb68de8c9f1847ba4f3ff	0	ACCEPT	PASS	out/mcall-position-repair/focused-repair-db367d49/r2arm_outer_fact_after_iflet_scrutinee_call.carrier.log	3d24b79f6dbd2cab3bd9430cf3490c448d4f8269bee0cd13742b57f3e1e1f2a8	false	focused-pair
r2arm_contract_guard_after_literal_match	M-CALL-POSITION	carrier	ACCEPT	tests/soundness/matrix/cases/r2arm_contract_guard_after_literal_match.anb	d7c110c174e141dba12f72e6a23de0ac78dbfcb2	d7c110c174e141dba12f72e6a23de0ac78dbfcb2	fd5f3934fdf3fba9c9a5fcd306dc7241851120ca6517019b371404aa6cb22311	c91445cdb04faab827925289a1c426ac358d4491ae6732f63d1bfb752a4713e7	0	ACCEPT	PASS	out/mcall-position-repair/focused-baseline-db367d49/r2arm_contract_guard_after_literal_match.carrier.log	00c850419b6de03e13c3370c9670492fc269d3e4b36ae8f2d1ca8d3c1bed83fe	8aeab6a60607782c766e5a75aa0e535448351de8e9ddb68de8c9f1847ba4f3ff	0	ACCEPT	PASS	out/mcall-position-repair/focused-repair-db367d49/r2arm_contract_guard_after_literal_match.carrier.log	285829b84efc70feba7abf6d138af359e0ecba26ad49f12dafa9f18aa663601a	false	focused-pair
r2arm_later_guard_after_untaken_body_write	M-CALL-POSITION	carrier	ACCEPT	tests/soundness/matrix/cases/r2arm_later_guard_after_untaken_body_write.anb	7162d2fce8ebba276132cb0b46aa7543fbcd17aa	7162d2fce8ebba276132cb0b46aa7543fbcd17aa	35dd1d27852413c6c7a1251d8c113e9781acf3fd4fa54d1b1fb159581f72d40b	c91445cdb04faab827925289a1c426ac358d4491ae6732f63d1bfb752a4713e7	0	ACCEPT	PASS	out/mcall-position-repair/focused-baseline-db367d49/r2arm_later_guard_after_untaken_body_write.carrier.log	f456820c313a3a765da4a6e8a5d9d875e0c5ae19c0a02ec072773ee07201ec93	8aeab6a60607782c766e5a75aa0e535448351de8e9ddb68de8c9f1847ba4f3ff	0	ACCEPT	PASS	out/mcall-position-repair/focused-repair-db367d49/r2arm_later_guard_after_untaken_body_write.carrier.log	2d7ba29f5f7ec60659cf4bc324d90b26ced393a61b36b34652648d13c423b0fa	false	focused-pair
r2arm_guard_assign_rhs_invalid	M-CALL-POSITION	carrier	REJECT	tests/soundness/matrix/cases/r2arm_guard_assign_rhs_invalid.anb	594c51621b96a55d8ba6d981749017f3d569ffe8	594c51621b96a55d8ba6d981749017f3d569ffe8	1074925910d101d52b491158da4f53b26dba798e79627f6d1574a67f322d1fb5	c91445cdb04faab827925289a1c426ac358d4491ae6732f63d1bfb752a4713e7	0	ACCEPT	FAIL-silent	out/mcall-position-repair/focused-baseline-db367d49/r2arm_guard_assign_rhs_invalid.carrier.log	e68c322ffd7c0550dc6bb1b00baca9bac022c81cde4a8d821e74e234e592307c	8aeab6a60607782c766e5a75aa0e535448351de8e9ddb68de8c9f1847ba4f3ff	1	DISPROVED	PASS	out/mcall-position-repair/focused-repair-db367d49/r2arm_guard_assign_rhs_invalid.carrier.log	4d1a62bd42490add45e6f8e57cd1fe0fda1f54d6f827e1fde48baee9a89f9505	true	focused-pair
r2arm_guard_assign_rhs_invalid	M-CALL-POSITION	direct	REJECT	tests/soundness/matrix/cases/r2arm_guard_assign_rhs_invalid.direct.anb	594c51621b96a55d8ba6d981749017f3d569ffe8	594c51621b96a55d8ba6d981749017f3d569ffe8	d09bdb51e999a8af6a65daceac51781ecb8e597a3e50be4e5bea3cdc26739341	c91445cdb04faab827925289a1c426ac358d4491ae6732f63d1bfb752a4713e7	1	DISPROVED	compare	out/mcall-position-repair/focused-baseline-db367d49/r2arm_guard_assign_rhs_invalid.direct.log	ba58f6b840881ea92eedc2a49b9e82a52840c80a397d5a872676521b4ab27fa9	8aeab6a60607782c766e5a75aa0e535448351de8e9ddb68de8c9f1847ba4f3ff	1	DISPROVED	compare	out/mcall-position-repair/focused-repair-db367d49/r2arm_guard_assign_rhs_invalid.direct.log	fdaa75c7338b1e093702d5b92945d6522f59b8997758ce5239c3d7024730c36b	false	focused-pair
r2arm_guard_assign_rhs_valid	M-CALL-POSITION	carrier	ACCEPT	tests/soundness/matrix/cases/r2arm_guard_assign_rhs_valid.anb	594c51621b96a55d8ba6d981749017f3d569ffe8	594c51621b96a55d8ba6d981749017f3d569ffe8	612b38a33e0a8d01c68d198fc501133a55ed16790ea857f89eef25c14ebe6028	c91445cdb04faab827925289a1c426ac358d4491ae6732f63d1bfb752a4713e7	0	ACCEPT	PASS	out/mcall-position-repair/focused-baseline-db367d49/r2arm_guard_assign_rhs_valid.carrier.log	94a6a7c81122df0169802d0374e06127b4aa4badf5af3556ab3d5d11bb8b1b4e	8aeab6a60607782c766e5a75aa0e535448351de8e9ddb68de8c9f1847ba4f3ff	0	ACCEPT	PASS	out/mcall-position-repair/focused-repair-db367d49/r2arm_guard_assign_rhs_valid.carrier.log	63cfaa5e0d5cc0f8d24fca67a95e9e8e2fe1c263359898de2356589ecb462fda	false	focused-pair
r2arm_guard_assign_rhs_dead_branch	M-CALL-POSITION	carrier	ACCEPT	tests/soundness/matrix/cases/r2arm_guard_assign_rhs_dead_branch.anb	e3d4e001e75fa41bfaf6d612c33e3d8a332d11f3	e3d4e001e75fa41bfaf6d612c33e3d8a332d11f3	920903081ad06ec33bb4d14d588ab152b1ccea95cb4f74c02e1259ef02d429dc	c91445cdb04faab827925289a1c426ac358d4491ae6732f63d1bfb752a4713e7	0	ACCEPT	PASS	out/mcall-position-repair/focused-baseline-db367d49/r2arm_guard_assign_rhs_dead_branch.carrier.log	eb8e0477964b86d1718b5d513737b75359319df5f70e3aba79be424ae5607826	8aeab6a60607782c766e5a75aa0e535448351de8e9ddb68de8c9f1847ba4f3ff	0	ACCEPT	PASS	out/mcall-position-repair/focused-repair-db367d49/r2arm_guard_assign_rhs_dead_branch.carrier.log	847ff8482dee6b034fc224d9012617bb841b0c1ebb2dc36c1b42705e6f73e5e5	false	focused-pair
r2arm_guard_assign_rhs_guarded	M-CALL-POSITION	carrier	ACCEPT	tests/soundness/matrix/cases/r2arm_guard_assign_rhs_guarded.anb	e3d4e001e75fa41bfaf6d612c33e3d8a332d11f3	e3d4e001e75fa41bfaf6d612c33e3d8a332d11f3	1e9fdca54ad69a37b7436bd7bc1eca8bef6761492613e8c285dda63767576dfc	c91445cdb04faab827925289a1c426ac358d4491ae6732f63d1bfb752a4713e7	0	ACCEPT	PASS	out/mcall-position-repair/focused-baseline-db367d49/r2arm_guard_assign_rhs_guarded.carrier.log	23e04b98db2c6a622fffd93628b5cedbc47478d1a09c6bc88c0b7eddb006519e	8aeab6a60607782c766e5a75aa0e535448351de8e9ddb68de8c9f1847ba4f3ff	0	ACCEPT	PASS	out/mcall-position-repair/focused-repair-db367d49/r2arm_guard_assign_rhs_guarded.carrier.log	a5439eddd3554afcee14a0153d34f8a06f0575f5ce8f70b05431279e3292b3f3	false	focused-pair
r2arm_guard_return_before_call_valid	M-CALL-POSITION	carrier	ACCEPT	tests/soundness/matrix/cases/r2arm_guard_return_before_call_valid.anb	939d90aec9737829affe210cefe353ba22e0b99f	939d90aec9737829affe210cefe353ba22e0b99f	eb8d41f854369ceee8dfc25ef677a254843faa85fff1449a2cbbdae60c2648ec	c91445cdb04faab827925289a1c426ac358d4491ae6732f63d1bfb752a4713e7	0	ACCEPT	PASS	out/mcall-position-repair/focused-baseline-db367d49/r2arm_guard_return_before_call_valid.carrier.log	d9899ef7e13414e330b6e9f211be9e7c9e95193d06cba0f0955be20501eb06ff	8aeab6a60607782c766e5a75aa0e535448351de8e9ddb68de8c9f1847ba4f3ff	0	ACCEPT	PASS	out/mcall-position-repair/focused-repair-db367d49/r2arm_guard_return_before_call_valid.carrier.log	ad57e5cf3bab98c48f2cd98ea7bdc09a9f9a5016ce1ec8afbe1a0033b181f607	false	focused-pair
r2arm_untaken_literal_guard_alias_valid	M-CALL-POSITION	carrier	ACCEPT	tests/soundness/matrix/cases/r2arm_untaken_literal_guard_alias_valid.anb	939d90aec9737829affe210cefe353ba22e0b99f	939d90aec9737829affe210cefe353ba22e0b99f	47666c3d428f8757049d7b79c588a48737306385512df4a5d202076fb25bd4da	c91445cdb04faab827925289a1c426ac358d4491ae6732f63d1bfb752a4713e7	0	ACCEPT	PASS	out/mcall-position-repair/focused-baseline-db367d49/r2arm_untaken_literal_guard_alias_valid.carrier.log	45086f4cc9eb18d3c39164609644dbebff3b638e9fe8ddf0021c51010e5711be	8aeab6a60607782c766e5a75aa0e535448351de8e9ddb68de8c9f1847ba4f3ff	0	ACCEPT	PASS	out/mcall-position-repair/focused-repair-db367d49/r2arm_untaken_literal_guard_alias_valid.carrier.log	45086f4cc9eb18d3c39164609644dbebff3b638e9fe8ddf0021c51010e5711be	false	focused-pair
r2arm_guard_unmodelable_if_invalid	M-CALL-POSITION	carrier	REJECT	tests/soundness/matrix/cases/r2arm_guard_unmodelable_if_invalid.anb	939d90aec9737829affe210cefe353ba22e0b99f	939d90aec9737829affe210cefe353ba22e0b99f	66b672e9d8747048f57db526c13fe5ee23285b3dccc09206eb63ead7b7a80594	c91445cdb04faab827925289a1c426ac358d4491ae6732f63d1bfb752a4713e7	0	ACCEPT	FAIL-silent	out/mcall-position-repair/focused-baseline-db367d49/r2arm_guard_unmodelable_if_invalid.carrier.log	eed59aa4acaaa9d2fc280e39c80c64dfa6ee0537ae10127fec16a02a47a06c24	8aeab6a60607782c766e5a75aa0e535448351de8e9ddb68de8c9f1847ba4f3ff	1	UNDECIDED	FAIL-wrong-class	out/mcall-position-repair/focused-repair-db367d49/r2arm_guard_unmodelable_if_invalid.carrier.log	4a9437ef7b9cc54e8884293cd65112c9b2669ca9c3ee91e3df428c15db70bf0c	true	focused-pair
r2arm_guard_unmodelable_if_invalid	M-CALL-POSITION	direct	REJECT	tests/soundness/matrix/cases/r2arm_guard_unmodelable_if_invalid.direct.anb	939d90aec9737829affe210cefe353ba22e0b99f	939d90aec9737829affe210cefe353ba22e0b99f	8d9f2480a30d389b7a126056221fb1df8f1a129b5209cd588d88f1936e6a93b1	c91445cdb04faab827925289a1c426ac358d4491ae6732f63d1bfb752a4713e7	1	DISPROVED	compare	out/mcall-position-repair/focused-baseline-db367d49/r2arm_guard_unmodelable_if_invalid.direct.log	514347d88a463c5ecb73f51c04e5f1ab6955912f5f6e4ab68b031fee7dcfcb94	8aeab6a60607782c766e5a75aa0e535448351de8e9ddb68de8c9f1847ba4f3ff	1	DISPROVED	compare	out/mcall-position-repair/focused-repair-db367d49/r2arm_guard_unmodelable_if_invalid.direct.log	2f77705b41308aefada1d8f06cecf8bf449c085927b0683126ec01168ecff17a	false	focused-pair
r2arm_guard_unmodelable_if_valid	M-CALL-POSITION	carrier	ACCEPT	tests/soundness/matrix/cases/r2arm_guard_unmodelable_if_valid.anb	939d90aec9737829affe210cefe353ba22e0b99f	939d90aec9737829affe210cefe353ba22e0b99f	8d65a9ebaf602060c0fee5ee22d0f8836527fa552d5967557957ea75433a885f	c91445cdb04faab827925289a1c426ac358d4491ae6732f63d1bfb752a4713e7	0	ACCEPT	PASS	out/mcall-position-repair/focused-baseline-db367d49/r2arm_guard_unmodelable_if_valid.carrier.log	3cef732b6f1d2e62a41a8f62425127ae7b7fb068a76a220ba27f4d3bdb98c60d	8aeab6a60607782c766e5a75aa0e535448351de8e9ddb68de8c9f1847ba4f3ff	0	ACCEPT	PASS	out/mcall-position-repair/focused-repair-db367d49/r2arm_guard_unmodelable_if_valid.carrier.log	eb0ee54a4ff9fdb8d4370f71b44603e6e3ada5c49a60c3fcc8611779ba3a3912	false	focused-pair
r2arm_guard_unmodelable_if_dead	M-CALL-POSITION	carrier	ACCEPT	tests/soundness/matrix/cases/r2arm_guard_unmodelable_if_dead.anb	939d90aec9737829affe210cefe353ba22e0b99f	939d90aec9737829affe210cefe353ba22e0b99f	c12b1ad7dfa0915aae4c779c9affa807bb4b6b41ab8560e4c78d123875d44016	c91445cdb04faab827925289a1c426ac358d4491ae6732f63d1bfb752a4713e7	0	ACCEPT	PASS	out/mcall-position-repair/focused-baseline-db367d49/r2arm_guard_unmodelable_if_dead.carrier.log	9f44e8dc1cada4afee1a672a167a34fa370f3fcf50a90d3974a27e18f74c4ae4	8aeab6a60607782c766e5a75aa0e535448351de8e9ddb68de8c9f1847ba4f3ff	1	UNDECIDED	FAIL-wrong-class	out/mcall-position-repair/focused-repair-db367d49/r2arm_guard_unmodelable_if_dead.carrier.log	24086865375a4eb443b0c19ecb71d6ef2606e671035787d807a47e29cfb23707	true	focused-pair
r2arm_partial_guard_pred_false_valid	M-CALL-POSITION	carrier	ACCEPT	tests/soundness/matrix/cases/r2arm_partial_guard_pred_false_valid.anb	db367d4911d364e0a7f8477382c3e731a780cbbd	db367d4911d364e0a7f8477382c3e731a780cbbd	1ed566120dd9def079962226a77586bdf9f0e004e5678aee32460ff97369e2ef	c91445cdb04faab827925289a1c426ac358d4491ae6732f63d1bfb752a4713e7	0	ACCEPT	PASS	out/mcall-position-repair/focused-baseline-db367d49/r2arm_partial_guard_pred_false_valid.carrier.log	6461d11ea0dff159c12df2614a6db80afd98ba84c1f0078d68e7ac35c83eaac8	8aeab6a60607782c766e5a75aa0e535448351de8e9ddb68de8c9f1847ba4f3ff	1	DISPROVED	FAIL-wrong-class	out/mcall-position-repair/focused-repair-db367d49/r2arm_partial_guard_pred_false_valid.carrier.log	cd5cec11a9b18d7e632ba47f3735639d3a1151f20fd47a8e44a1af1945f68e4a	true	focused-pair
r2arm_partial_guard_live_invalid	M-CALL-POSITION	carrier	REJECT	tests/soundness/matrix/cases/r2arm_partial_guard_live_invalid.anb	db367d4911d364e0a7f8477382c3e731a780cbbd	db367d4911d364e0a7f8477382c3e731a780cbbd	b0a8bdf1a3059e1d08d298cdf4d9cc8a188647cf2d3751831ee185547067d139	c91445cdb04faab827925289a1c426ac358d4491ae6732f63d1bfb752a4713e7	0	ACCEPT	FAIL-silent	out/mcall-position-repair/focused-baseline-db367d49/r2arm_partial_guard_live_invalid.carrier.log	804b4bdacbf81e987c610230e1990e84c3302696f0ef5401943c253cff2c9a59	8aeab6a60607782c766e5a75aa0e535448351de8e9ddb68de8c9f1847ba4f3ff	1	DISPROVED	PASS	out/mcall-position-repair/focused-repair-db367d49/r2arm_partial_guard_live_invalid.carrier.log	8e73856607e074ef7dc90e88908b1e8ebf265fe73ba3ff45ab9e7cbf846204f8	true	focused-pair
r2arm_partial_guard_live_invalid	M-CALL-POSITION	direct	REJECT	tests/soundness/matrix/cases/r2arm_partial_guard_live_invalid.direct.anb	db367d4911d364e0a7f8477382c3e731a780cbbd	db367d4911d364e0a7f8477382c3e731a780cbbd	6433af12a86c0c3de6b29b7138d72d7d903ef3eae671c350b631267cd049fcae	c91445cdb04faab827925289a1c426ac358d4491ae6732f63d1bfb752a4713e7	1	DISPROVED	compare	out/mcall-position-repair/focused-baseline-db367d49/r2arm_partial_guard_live_invalid.direct.log	39cbddb447017748e9e4b530b6f7077e296867604224db779bdbd64e73dd8550	8aeab6a60607782c766e5a75aa0e535448351de8e9ddb68de8c9f1847ba4f3ff	1	DISPROVED	compare	out/mcall-position-repair/focused-repair-db367d49/r2arm_partial_guard_live_invalid.direct.log	4052de03129f7f9b6921a5ce01b4250549250b5cceb7bc5fa06092b612f1f8de	false	focused-pair
r2arm_partial_guard_live_valid	M-CALL-POSITION	carrier	ACCEPT	tests/soundness/matrix/cases/r2arm_partial_guard_live_valid.anb	db367d4911d364e0a7f8477382c3e731a780cbbd	db367d4911d364e0a7f8477382c3e731a780cbbd	93bebf68ee5cbb073286fc9d14d0c1f4192a6aa55767d90b7615e9308feb0c7c	c91445cdb04faab827925289a1c426ac358d4491ae6732f63d1bfb752a4713e7	0	ACCEPT	PASS	out/mcall-position-repair/focused-baseline-db367d49/r2arm_partial_guard_live_valid.carrier.log	7f56ab39ae2c9099fccee17b6d3aa157bbed88687207452a29252e01c42bddd3	8aeab6a60607782c766e5a75aa0e535448351de8e9ddb68de8c9f1847ba4f3ff	0	ACCEPT	PASS	out/mcall-position-repair/focused-repair-db367d49/r2arm_partial_guard_live_valid.carrier.log	58b7bb9b792821af89d1fd6794e04a018b23a161724fcf9b1b92629986fad54a	false	focused-pair
r2arm_partial_guard_dead_valid	M-CALL-POSITION	carrier	ACCEPT	tests/soundness/matrix/cases/r2arm_partial_guard_dead_valid.anb	db367d4911d364e0a7f8477382c3e731a780cbbd	db367d4911d364e0a7f8477382c3e731a780cbbd	7d4b84657d2134285c89c230cc81d0bd429cb674a2ab984f7224d494ba53f56d	c91445cdb04faab827925289a1c426ac358d4491ae6732f63d1bfb752a4713e7	0	ACCEPT	PASS	out/mcall-position-repair/focused-baseline-db367d49/r2arm_partial_guard_dead_valid.carrier.log	6a25ae05ae48f480cf9f49be38b14d798d5d76dc1ff3820b309f05f712eed508	8aeab6a60607782c766e5a75aa0e535448351de8e9ddb68de8c9f1847ba4f3ff	0	ACCEPT	PASS	out/mcall-position-repair/focused-repair-db367d49/r2arm_partial_guard_dead_valid.carrier.log	8045049cf8e4299f079523c7f670b4ae5e2b5154ff0d1a69a7d5117bfc58274d	false	focused-pair
r2arm_duplicate_direct_before_invalid	M-CALL-POSITION	carrier	REJECT	tests/soundness/matrix/cases/r2arm_duplicate_direct_before_invalid.anb	db367d4911d364e0a7f8477382c3e731a780cbbd	db367d4911d364e0a7f8477382c3e731a780cbbd	949c03a28fafbed8d436a9af55d711d43267ae1dc3c2389588e433545d7804e5	c91445cdb04faab827925289a1c426ac358d4491ae6732f63d1bfb752a4713e7	1	DISPROVED	PASS	out/mcall-position-repair/focused-baseline-db367d49/r2arm_duplicate_direct_before_invalid.carrier.log	35595243361431276118eb5a8b0ca025f7d355bdde4fe6838262e080fcf4642a	8aeab6a60607782c766e5a75aa0e535448351de8e9ddb68de8c9f1847ba4f3ff	1	UNDECIDED	FAIL-wrong-class	out/mcall-position-repair/focused-repair-db367d49/r2arm_duplicate_direct_before_invalid.carrier.log	55dd14effa7a8e10abc482b5c260e83a896897170c3c05722287e7e7f2480983	true	focused-pair
r2arm_duplicate_direct_before_invalid	M-CALL-POSITION	direct	REJECT	tests/soundness/matrix/cases/r2arm_duplicate_direct_before_invalid.direct.anb	db367d4911d364e0a7f8477382c3e731a780cbbd	db367d4911d364e0a7f8477382c3e731a780cbbd	6433af12a86c0c3de6b29b7138d72d7d903ef3eae671c350b631267cd049fcae	c91445cdb04faab827925289a1c426ac358d4491ae6732f63d1bfb752a4713e7	1	DISPROVED	compare	out/mcall-position-repair/focused-baseline-db367d49/r2arm_duplicate_direct_before_invalid.direct.log	22a600984caa7db1d669b9f079f3da8330490f440720b7c1d7514c4345435872	8aeab6a60607782c766e5a75aa0e535448351de8e9ddb68de8c9f1847ba4f3ff	1	DISPROVED	compare	out/mcall-position-repair/focused-repair-db367d49/r2arm_duplicate_direct_before_invalid.direct.log	24a6de08bad3616715640c67659c86ee24f4f52dd7b000edf335bcb483bbfed6	false	focused-pair
r2arm_duplicate_direct_after_invalid	M-CALL-POSITION	carrier	REJECT	tests/soundness/matrix/cases/r2arm_duplicate_direct_after_invalid.anb	db367d4911d364e0a7f8477382c3e731a780cbbd	db367d4911d364e0a7f8477382c3e731a780cbbd	16c05e61737e28d3a502fe35100f8a87eb14409b245164fb35af047232362563	c91445cdb04faab827925289a1c426ac358d4491ae6732f63d1bfb752a4713e7	1	DISPROVED	PASS	out/mcall-position-repair/focused-baseline-db367d49/r2arm_duplicate_direct_after_invalid.carrier.log	712c51c7d9e425106700282f45f766411c01bccc26493ae7f12ab624287a22cc	8aeab6a60607782c766e5a75aa0e535448351de8e9ddb68de8c9f1847ba4f3ff	1	UNDECIDED	FAIL-wrong-class	out/mcall-position-repair/focused-repair-db367d49/r2arm_duplicate_direct_after_invalid.carrier.log	517e7c07a698f81aeb5a0f69b049d6fde53b21d7504230ed62b5a8781b20a61c	true	focused-pair
r2arm_duplicate_direct_after_invalid	M-CALL-POSITION	direct	REJECT	tests/soundness/matrix/cases/r2arm_duplicate_direct_after_invalid.direct.anb	db367d4911d364e0a7f8477382c3e731a780cbbd	db367d4911d364e0a7f8477382c3e731a780cbbd	6433af12a86c0c3de6b29b7138d72d7d903ef3eae671c350b631267cd049fcae	c91445cdb04faab827925289a1c426ac358d4491ae6732f63d1bfb752a4713e7	1	DISPROVED	compare	out/mcall-position-repair/focused-baseline-db367d49/r2arm_duplicate_direct_after_invalid.direct.log	3ea16557125bac5437f6e057f9ad0f9a9f80de8c67664fbe854b44ddb0e4267b	8aeab6a60607782c766e5a75aa0e535448351de8e9ddb68de8c9f1847ba4f3ff	1	DISPROVED	compare	out/mcall-position-repair/focused-repair-db367d49/r2arm_duplicate_direct_after_invalid.direct.log	38cffca796bdd860d2ac6aa7bc5eb4452f377330ecc5897703a90b5d1f6c3449	false	focused-pair
r2arm_duplicate_both_valid	M-CALL-POSITION	carrier	ACCEPT	tests/soundness/matrix/cases/r2arm_duplicate_both_valid.anb	db367d4911d364e0a7f8477382c3e731a780cbbd	db367d4911d364e0a7f8477382c3e731a780cbbd	b477371d8c15fb2d9cc8e3bd11bbe9b24f053411df701441c804747f782745e5	c91445cdb04faab827925289a1c426ac358d4491ae6732f63d1bfb752a4713e7	0	ACCEPT	PASS	out/mcall-position-repair/focused-baseline-db367d49/r2arm_duplicate_both_valid.carrier.log	dab18234eeac3c8bb94b2331da2156e4ffd5f9d3a378b193fa8cea84ec3f69fc	8aeab6a60607782c766e5a75aa0e535448351de8e9ddb68de8c9f1847ba4f3ff	0	ACCEPT	PASS	out/mcall-position-repair/focused-repair-db367d49/r2arm_duplicate_both_valid.carrier.log	73d9410affdbb489b85ebc49ca32e992028ed03eeae602f951d426c545eb6016	false	focused-pair
r2arm_expr_match_untaken_guard_alias_valid	M-CALL-POSITION	carrier	ACCEPT	tests/soundness/matrix/cases/r2arm_expr_match_untaken_guard_alias_valid.anb	db367d4911d364e0a7f8477382c3e731a780cbbd	db367d4911d364e0a7f8477382c3e731a780cbbd	cf43427920fc58423c15a53f1cdc4903c228b5bf3fed4cb2e1b50b490e4e1909	c91445cdb04faab827925289a1c426ac358d4491ae6732f63d1bfb752a4713e7	1	DISPROVED	FAIL-wrong-class	out/mcall-position-repair/focused-baseline-db367d49/r2arm_expr_match_untaken_guard_alias_valid.carrier.log	fb3997e82af0bb8943fabb50cf809ec10bb8cd5c19810fb8c3c954be8c832028	8aeab6a60607782c766e5a75aa0e535448351de8e9ddb68de8c9f1847ba4f3ff	1	DISPROVED	FAIL-wrong-class	out/mcall-position-repair/focused-repair-db367d49/r2arm_expr_match_untaken_guard_alias_valid.carrier.log	0550805eb92f684419fd199e5da8b58fbf4e288b7a69122629908131d1186301	false	focused-pair
r2arm_expr_match_live_guard_alias_invalid	M-CALL-POSITION	carrier	REJECT	tests/soundness/matrix/cases/r2arm_expr_match_live_guard_alias_invalid.anb	db367d4911d364e0a7f8477382c3e731a780cbbd	db367d4911d364e0a7f8477382c3e731a780cbbd	3a77248ad4920e74e749e472c65cf539e6b2a82f80b2b7f9df800996185671df	c91445cdb04faab827925289a1c426ac358d4491ae6732f63d1bfb752a4713e7	1	DISPROVED	PASS	out/mcall-position-repair/focused-baseline-db367d49/r2arm_expr_match_live_guard_alias_invalid.carrier.log	22c36818c47491027aa77a74165f4a23226e93301dd078ac56ebcb2732d5df38	8aeab6a60607782c766e5a75aa0e535448351de8e9ddb68de8c9f1847ba4f3ff	1	DISPROVED	PASS	out/mcall-position-repair/focused-repair-db367d49/r2arm_expr_match_live_guard_alias_invalid.carrier.log	c50d47a7ad5fe1fc2048f8fdfe8f353c39906a0ea737eb794d0adf7599c9999b	false	focused-pair
r2arm_expr_match_live_guard_alias_invalid	M-CALL-POSITION	direct	REJECT	tests/soundness/matrix/cases/r2arm_expr_match_live_guard_alias_invalid.direct.anb	db367d4911d364e0a7f8477382c3e731a780cbbd	db367d4911d364e0a7f8477382c3e731a780cbbd	839b91b56f7e786112a3dd37b606cf680d65e5721b4de4ef8b55c4e4f10d91a7	c91445cdb04faab827925289a1c426ac358d4491ae6732f63d1bfb752a4713e7	1	DISPROVED	compare	out/mcall-position-repair/focused-baseline-db367d49/r2arm_expr_match_live_guard_alias_invalid.direct.log	644a72ff3a4c8e0e6911ff24bc9f05759ed1ccb836d1951d0a682771c49ebb32	8aeab6a60607782c766e5a75aa0e535448351de8e9ddb68de8c9f1847ba4f3ff	1	DISPROVED	compare	out/mcall-position-repair/focused-repair-db367d49/r2arm_expr_match_live_guard_alias_invalid.direct.log	07fa8d36098108c6f958c7438cf8cac011fe0141449f0f0aac359adad9c912f3	false	focused-pair
r2arm_arm_tail_write_fact_invalid	M-CALL-POSITION	carrier	REJECT	tests/soundness/matrix/cases/r2arm_arm_tail_write_fact_invalid.anb	db367d4911d364e0a7f8477382c3e731a780cbbd	17107ab4acc2f27d0c1f98118305e09d96facf09	83050822ce7bbff42980022dd26f6a9fd7d01e99797bb946ce40487f940c5958	c91445cdb04faab827925289a1c426ac358d4491ae6732f63d1bfb752a4713e7	1	DISPROVED	PASS	out/mcall-position-repair/corrected-arm-tail/baseline/check.log	88a135e4e1a6140634791d851900bcdf54ee98b7cc9579843178198d3b2f7cdc	8aeab6a60607782c766e5a75aa0e535448351de8e9ddb68de8c9f1847ba4f3ff	1	DISPROVED	PASS	out/mcall-position-repair/corrected-arm-tail/repair/check.log	88a135e4e1a6140634791d851900bcdf54ee98b7cc9579843178198d3b2f7cdc	false	corrected-fixture-rerun
r2arm_arm_tail_write_fact_invalid	M-CALL-POSITION	direct	REJECT	tests/soundness/matrix/cases/r2arm_arm_tail_write_fact_invalid.direct.anb	db367d4911d364e0a7f8477382c3e731a780cbbd	db367d4911d364e0a7f8477382c3e731a780cbbd	f70f97b1b6e3da073aecb361d923c9fab1b4835536a36ca2bf06b2117dcc8582	c91445cdb04faab827925289a1c426ac358d4491ae6732f63d1bfb752a4713e7	1	DISPROVED	compare	out/mcall-position-repair/focused-baseline-db367d49/r2arm_arm_tail_write_fact_invalid.direct.log	d9ff6125f87fe5ab928d51843e2df53fc50cdb58b39879ad30aae002e1d7ea60	8aeab6a60607782c766e5a75aa0e535448351de8e9ddb68de8c9f1847ba4f3ff	1	DISPROVED	compare	out/mcall-position-repair/focused-repair-db367d49/r2arm_arm_tail_write_fact_invalid.direct.log	c9550093680067d786121f4783aa34242fbf9146077ae5b86d174d485576be7d	false	focused-pair
r2arm_arm_tail_guarded_valid	M-CALL-POSITION	carrier	ACCEPT	tests/soundness/matrix/cases/r2arm_arm_tail_guarded_valid.anb	db367d4911d364e0a7f8477382c3e731a780cbbd	db367d4911d364e0a7f8477382c3e731a780cbbd	3b6044984f24cfc365949064060f88675af628d049080410239b4e53b1c6b2cc	c91445cdb04faab827925289a1c426ac358d4491ae6732f63d1bfb752a4713e7	0	ACCEPT	PASS	out/mcall-position-repair/focused-baseline-db367d49/r2arm_arm_tail_guarded_valid.carrier.log	850d961e8fa6f4531b0f249978e6d936f224b5bd52d8f1a0ffd76a81bbe8a161	8aeab6a60607782c766e5a75aa0e535448351de8e9ddb68de8c9f1847ba4f3ff	0	ACCEPT	PASS	out/mcall-position-repair/focused-repair-db367d49/r2arm_arm_tail_guarded_valid.carrier.log	850d961e8fa6f4531b0f249978e6d936f224b5bd52d8f1a0ffd76a81bbe8a161	false	focused-pair
