name	check	run	class	detail
abs	1	1	FAIL_CLOSED_OK	ANUBIS_EXECUTION_CHECK_FAILED
acos	1	1	FAIL_CLOSED_OK	ANUBIS_EXECUTION_CHECK_FAILED
aead_nonce_from_counter	1	1	FAIL_CLOSED_OK	ANUBIS_EXECUTION_CHECK_FAILED
aead_open	1	1	FAIL_CLOSED_OK	ANUBIS_EXECUTION_CHECK_FAILED
aead_seal	1	1	FAIL_CLOSED_OK	ANUBIS_EXECUTION_CHECK_FAILED
all	1	1	FAIL_CLOSED_OK	ANUBIS_EXECUTION_CHECK_FAILED
any	1	1	FAIL_CLOSED_OK	ANUBIS_EXECUTION_CHECK_FAILED
append_file	1	1	FAIL_CLOSED_OK	ANUBIS_EXECUTION_CHECK_FAILED
apply	1	1	FAIL_CLOSED_OK	ANUBIS_EXECUTION_CHECK_FAILED
argon2id_hash	0	1	RUN_REFUSES	ANUBIS_UNSUPPORTED_NATIVE_LOWERING
args	0	0	RUNS	
asin	1	1	FAIL_CLOSED_OK	ANUBIS_EXECUTION_CHECK_FAILED
assert	1	1	FAIL_CLOSED_OK	
assume	1	1	FAIL_CLOSED_OK	
atan	1	1	FAIL_CLOSED_OK	ANUBIS_EXECUTION_CHECK_FAILED
atan2	1	1	FAIL_CLOSED_OK	ANUBIS_EXECUTION_CHECK_FAILED
bool	1	1	FAIL_CLOSED_OK	ANUBIS_EXECUTION_CHECK_FAILED
break	1	1	FAIL_CLOSED_OK	ANUBIS_EXECUTION_CHECK_FAILED
bytes_hex	1	1	FAIL_CLOSED_OK	ANUBIS_EXECUTION_CHECK_FAILED
call	1	1	FAIL_CLOSED_OK	ANUBIS_EXECUTION_CHECK_FAILED
cap_acquire	1	1	FAIL_CLOSED_OK	ANUBIS_EXECUTION_CHECK_FAILED
cap_acquire_nonexportable	1	1	FAIL_CLOSED_OK	ANUBIS_EXECUTION_CHECK_FAILED
cap_export	1	1	FAIL_CLOSED_OK	ANUBIS_EXECUTION_CHECK_FAILED
cap_use	1	1	FAIL_CLOSED_OK	ANUBIS_EXECUTION_CHECK_FAILED
capitalize	1	1	FAIL_CLOSED_OK	ANUBIS_EXECUTION_CHECK_FAILED
cbrt	1	1	FAIL_CLOSED_OK	ANUBIS_EXECUTION_CHECK_FAILED
ceil	1	1	FAIL_CLOSED_OK	ANUBIS_EXECUTION_CHECK_FAILED
chacha20_poly1305_open	1	1	FAIL_CLOSED_OK	ANUBIS_EXECUTION_CHECK_FAILED
chacha20_poly1305_seal	1	1	FAIL_CLOSED_OK	ANUBIS_EXECUTION_CHECK_FAILED
char_at	1	1	FAIL_CLOSED_OK	ANUBIS_EXECUTION_CHECK_FAILED
chars	1	1	FAIL_CLOSED_OK	ANUBIS_EXECUTION_CHECK_FAILED
chr	1	1	FAIL_CLOSED_OK	ANUBIS_EXECUTION_CHECK_FAILED
chunk	1	1	FAIL_CLOSED_OK	ANUBIS_EXECUTION_CHECK_FAILED
clamp	1	1	FAIL_CLOSED_OK	ANUBIS_EXECUTION_CHECK_FAILED
compose	1	1	FAIL_CLOSED_OK	ANUBIS_EXECUTION_CHECK_FAILED
concat	1	1	FAIL_CLOSED_OK	ANUBIS_EXECUTION_CHECK_FAILED
connect	1	1	FAIL_CLOSED_OK	ANUBIS_EXECUTION_CHECK_FAILED
constant_time_eq	1	1	FAIL_CLOSED_OK	ANUBIS_EXECUTION_CHECK_FAILED
contains	1	1	FAIL_CLOSED_OK	ANUBIS_EXECUTION_CHECK_FAILED
continue	1	1	FAIL_CLOSED_OK	ANUBIS_EXECUTION_CHECK_FAILED
cos	1	1	FAIL_CLOSED_OK	ANUBIS_EXECUTION_CHECK_FAILED
count	1	1	FAIL_CLOSED_OK	ANUBIS_EXECUTION_CHECK_FAILED
crypto_backend	0	0	RUNS	
ct_eq	1	1	FAIL_CLOSED_OK	ANUBIS_EXECUTION_CHECK_FAILED
cyclic	1	1	FAIL_CLOSED_OK	ANUBIS_EXECUTION_CHECK_FAILED
declassify	0	1	RUN_REFUSES	ANUBIS_UNSUPPORTED_NATIVE_LOWERING
delete_file	1	1	FAIL_CLOSED_OK	ANUBIS_EXECUTION_CHECK_FAILED
domain_hash	1	1	FAIL_CLOSED_OK	ANUBIS_EXECUTION_CHECK_FAILED
drop	1	1	FAIL_CLOSED_OK	ANUBIS_EXECUTION_CHECK_FAILED
drop_while	1	1	FAIL_CLOSED_OK	ANUBIS_EXECUTION_CHECK_FAILED
e	0	0	RUNS	
each	1	1	FAIL_CLOSED_OK	ANUBIS_EXECUTION_CHECK_FAILED
ed25519_keygen	0	0	RUNS	
ed25519_public_key	1	1	FAIL_CLOSED_OK	ANUBIS_EXECUTION_CHECK_FAILED
ed25519_sign	1	1	FAIL_CLOSED_OK	ANUBIS_EXECUTION_CHECK_FAILED
ed25519_verify	1	1	FAIL_CLOSED_OK	ANUBIS_EXECUTION_CHECK_FAILED
ends_with	1	1	FAIL_CLOSED_OK	ANUBIS_EXECUTION_CHECK_FAILED
entries	1	1	FAIL_CLOSED_OK	ANUBIS_EXECUTION_CHECK_FAILED
enumerate	1	1	FAIL_CLOSED_OK	ANUBIS_EXECUTION_CHECK_FAILED
env	1	1	FAIL_CLOSED_OK	ANUBIS_EXECUTION_CHECK_FAILED
eprint	0	0	RUNS	
eprintln	0	0	RUNS	
exec	1	1	FAIL_CLOSED_OK	ANUBIS_EXECUTION_CHECK_FAILED
exit	0	0	RUNS	
exp	1	1	FAIL_CLOSED_OK	ANUBIS_EXECUTION_CHECK_FAILED
factorial	1	1	FAIL_CLOSED_OK	ANUBIS_EXECUTION_CHECK_FAILED
filter	1	1	FAIL_CLOSED_OK	ANUBIS_EXECUTION_CHECK_FAILED
find	1	1	FAIL_CLOSED_OK	ANUBIS_EXECUTION_CHECK_FAILED
first	1	1	FAIL_CLOSED_OK	ANUBIS_EXECUTION_CHECK_FAILED
flat	1	1	FAIL_CLOSED_OK	ANUBIS_EXECUTION_CHECK_FAILED
flat_map	1	1	FAIL_CLOSED_OK	ANUBIS_EXECUTION_CHECK_FAILED
flatten	1	1	FAIL_CLOSED_OK	ANUBIS_EXECUTION_CHECK_FAILED
float	1	1	FAIL_CLOSED_OK	ANUBIS_EXECUTION_CHECK_FAILED
floor	1	1	FAIL_CLOSED_OK	ANUBIS_EXECUTION_CHECK_FAILED
gcd	1	1	FAIL_CLOSED_OK	ANUBIS_EXECUTION_CHECK_FAILED
get	1	1	FAIL_CLOSED_OK	ANUBIS_EXECUTION_CHECK_FAILED
getenv	1	1	FAIL_CLOSED_OK	ANUBIS_EXECUTION_CHECK_FAILED
has_key	1	1	FAIL_CLOSED_OK	ANUBIS_EXECUTION_CHECK_FAILED
hash_sha256	1	1	FAIL_CLOSED_OK	ANUBIS_EXECUTION_CHECK_FAILED
hkdf_sha256	1	1	FAIL_CLOSED_OK	ANUBIS_EXECUTION_CHECK_FAILED
hmac_sha256	1	1	FAIL_CLOSED_OK	ANUBIS_EXECUTION_CHECK_FAILED
hmac_sha256_bytes	1	1	FAIL_CLOSED_OK	ANUBIS_EXECUTION_CHECK_FAILED
hmac_sha256_hex	1	1	FAIL_CLOSED_OK	ANUBIS_EXECUTION_CHECK_FAILED
hmac_sha256_verify	1	1	FAIL_CLOSED_OK	ANUBIS_EXECUTION_CHECK_FAILED
http_get	1	1	FAIL_CLOSED_OK	ANUBIS_EXECUTION_CHECK_FAILED
http_post	1	1	FAIL_CLOSED_OK	ANUBIS_EXECUTION_CHECK_FAILED
hybrid_open	0	1	RUN_REFUSES	ANUBIS_UNSUPPORTED_NATIVE_LOWERING
hybrid_seal	1	1	FAIL_CLOSED_OK	ANUBIS_EXECUTION_CHECK_FAILED
hypot	1	1	FAIL_CLOSED_OK	ANUBIS_EXECUTION_CHECK_FAILED
identity	1	1	FAIL_CLOSED_OK	ANUBIS_EXECUTION_CHECK_FAILED
index_of	1	1	FAIL_CLOSED_OK	ANUBIS_EXECUTION_CHECK_FAILED
input	0	0	RUNS	
insert	1	1	FAIL_CLOSED_OK	ANUBIS_EXECUTION_CHECK_FAILED
int	1	1	FAIL_CLOSED_OK	ANUBIS_EXECUTION_CHECK_FAILED
is_empty	1	1	FAIL_CLOSED_OK	ANUBIS_EXECUTION_CHECK_FAILED
join	1	1	FAIL_CLOSED_OK	ANUBIS_EXECUTION_CHECK_FAILED
keychain_se_last_bind	0	0	RUNS	
keychain_se_probe	0	0	RUNS	
keys	1	1	FAIL_CLOSED_OK	ANUBIS_EXECUTION_CHECK_FAILED
last	1	1	FAIL_CLOSED_OK	ANUBIS_EXECUTION_CHECK_FAILED
len	1	1	FAIL_CLOSED_OK	ANUBIS_EXECUTION_CHECK_FAILED
lines	1	1	FAIL_CLOSED_OK	ANUBIS_EXECUTION_CHECK_FAILED
ln	1	1	FAIL_CLOSED_OK	ANUBIS_EXECUTION_CHECK_FAILED
log	1	1	FAIL_CLOSED_OK	ANUBIS_EXECUTION_CHECK_FAILED
log10	1	1	FAIL_CLOSED_OK	ANUBIS_EXECUTION_CHECK_FAILED
log2	1	1	FAIL_CLOSED_OK	ANUBIS_EXECUTION_CHECK_FAILED
lower	1	1	FAIL_CLOSED_OK	ANUBIS_EXECUTION_CHECK_FAILED
map	1	1	FAIL_CLOSED_OK	ANUBIS_EXECUTION_CHECK_FAILED
map_values	1	1	FAIL_CLOSED_OK	ANUBIS_EXECUTION_CHECK_FAILED
max	1	1	FAIL_CLOSED_OK	ANUBIS_EXECUTION_CHECK_FAILED
max_by	1	1	FAIL_CLOSED_OK	ANUBIS_EXECUTION_CHECK_FAILED
memcpy	0	1	RUN_REFUSES	ANUBIS_UNSUPPORTED_NATIVE_LOWERING
merge	1	1	FAIL_CLOSED_OK	ANUBIS_EXECUTION_CHECK_FAILED
min	1	1	FAIL_CLOSED_OK	ANUBIS_EXECUTION_CHECK_FAILED
min_by	1	1	FAIL_CLOSED_OK	ANUBIS_EXECUTION_CHECK_FAILED
network_send	1	1	FAIL_CLOSED_OK	ANUBIS_EXECUTION_CHECK_FAILED
now	0	0	RUNS	
open	1	1	FAIL_CLOSED_OK	ANUBIS_EXECUTION_CHECK_FAILED
ord	1	1	FAIL_CLOSED_OK	ANUBIS_EXECUTION_CHECK_FAILED
p16	1	1	FAIL_CLOSED_OK	ANUBIS_EXECUTION_CHECK_FAILED
p32	1	1	FAIL_CLOSED_OK	ANUBIS_EXECUTION_CHECK_FAILED
p64	1	1	FAIL_CLOSED_OK	ANUBIS_EXECUTION_CHECK_FAILED
p8	1	1	FAIL_CLOSED_OK	ANUBIS_EXECUTION_CHECK_FAILED
pad_end	1	1	FAIL_CLOSED_OK	ANUBIS_EXECUTION_CHECK_FAILED
pad_start	1	1	FAIL_CLOSED_OK	ANUBIS_EXECUTION_CHECK_FAILED
panic	1	1	FAIL_CLOSED_OK	ANUBIS_EXECUTION_CHECK_FAILED
parse_float	1	1	FAIL_CLOSED_OK	ANUBIS_EXECUTION_CHECK_FAILED
parse_float_opt	1	1	FAIL_CLOSED_OK	ANUBIS_EXECUTION_CHECK_FAILED
parse_int	1	1	FAIL_CLOSED_OK	ANUBIS_EXECUTION_CHECK_FAILED
parse_int_opt	1	1	FAIL_CLOSED_OK	ANUBIS_EXECUTION_CHECK_FAILED
partition	1	1	FAIL_CLOSED_OK	ANUBIS_EXECUTION_CHECK_FAILED
password_hash	1	1	FAIL_CLOSED_OK	ANUBIS_EXECUTION_CHECK_FAILED
password_hash_encode	1	1	FAIL_CLOSED_OK	ANUBIS_EXECUTION_CHECK_FAILED
password_hash_pbkdf2_encode	1	1	FAIL_CLOSED_OK	ANUBIS_EXECUTION_CHECK_FAILED
password_hash_phc	1	1	FAIL_CLOSED_OK	ANUBIS_EXECUTION_CHECK_FAILED
password_hash_phc_raw	1	1	FAIL_CLOSED_OK	ANUBIS_EXECUTION_CHECK_FAILED
password_verify	1	1	FAIL_CLOSED_OK	ANUBIS_EXECUTION_CHECK_FAILED
password_verify_encoding	1	1	FAIL_CLOSED_OK	ANUBIS_EXECUTION_CHECK_FAILED
pbkdf2_hmac_sha256	1	1	FAIL_CLOSED_OK	ANUBIS_EXECUTION_CHECK_FAILED
pi	0	0	RUNS	
pop	1	1	FAIL_CLOSED_OK	ANUBIS_EXECUTION_CHECK_FAILED
position	1	1	FAIL_CLOSED_OK	ANUBIS_EXECUTION_CHECK_FAILED
pow	1	1	FAIL_CLOSED_OK	ANUBIS_EXECUTION_CHECK_FAILED
print	0	0	RUNS	
println	0	0	RUNS	
product	1	1	FAIL_CLOSED_OK	ANUBIS_EXECUTION_CHECK_FAILED
proof_assert	1	1	FAIL_CLOSED_OK	ANUBIS_EXECUTION_CHECK_FAILED
proof_commit_bool	0	1	RUN_REFUSES	ANUBIS_UNSUPPORTED_NATIVE_LOWERING
proof_commit_u32	0	1	RUN_REFUSES	ANUBIS_UNSUPPORTED_NATIVE_LOWERING
proof_input_bool	0	1	RUN_REFUSES	ANUBIS_UNSUPPORTED_NATIVE_LOWERING
proof_input_u32	0	1	RUN_REFUSES	ANUBIS_UNSUPPORTED_NATIVE_LOWERING
proof_input_u64	0	1	RUN_REFUSES	ANUBIS_UNSUPPORTED_NATIVE_LOWERING
push	1	1	FAIL_CLOSED_OK	ANUBIS_EXECUTION_CHECK_FAILED
rand	0	0	RUNS	
rand_gen	0	0	RUNS	
random	0	0	RUNS	
random_bytes	1	1	FAIL_CLOSED_OK	ANUBIS_EXECUTION_CHECK_FAILED
range	1	1	FAIL_CLOSED_OK	ANUBIS_EXECUTION_CHECK_FAILED
read_file	1	1	FAIL_CLOSED_OK	ANUBIS_EXECUTION_CHECK_FAILED
read_line	0	0	RUNS	
reduce	1	1	FAIL_CLOSED_OK	ANUBIS_EXECUTION_CHECK_FAILED
remove	1	1	FAIL_CLOSED_OK	ANUBIS_EXECUTION_CHECK_FAILED
remove_file	1	1	FAIL_CLOSED_OK	ANUBIS_EXECUTION_CHECK_FAILED
repeat	1	1	FAIL_CLOSED_OK	ANUBIS_EXECUTION_CHECK_FAILED
replace	1	1	FAIL_CLOSED_OK	ANUBIS_EXECUTION_CHECK_FAILED
return	0	0	RUNS	
reverse	1	1	FAIL_CLOSED_OK	ANUBIS_EXECUTION_CHECK_FAILED
round	1	1	FAIL_CLOSED_OK	ANUBIS_EXECUTION_CHECK_FAILED
secret_source	1	1	FAIL_CLOSED_OK	ANUBIS_EXECUTION_CHECK_FAILED
send	1	1	FAIL_CLOSED_OK	ANUBIS_EXECUTION_CHECK_FAILED
sha256	1	1	FAIL_CLOSED_OK	ANUBIS_EXECUTION_CHECK_FAILED
sha256_bytes	1	1	FAIL_CLOSED_OK	ANUBIS_EXECUTION_CHECK_FAILED
sha256_hex	1	1	FAIL_CLOSED_OK	ANUBIS_EXECUTION_CHECK_FAILED
shell	1	1	FAIL_CLOSED_OK	ANUBIS_EXECUTION_CHECK_FAILED
sign	1	1	FAIL_CLOSED_OK	ANUBIS_EXECUTION_CHECK_FAILED
sin	1	1	FAIL_CLOSED_OK	ANUBIS_EXECUTION_CHECK_FAILED
sink	0	0	RUNS	
slice	1	1	FAIL_CLOSED_OK	ANUBIS_EXECUTION_CHECK_FAILED
sort	1	1	FAIL_CLOSED_OK	ANUBIS_EXECUTION_CHECK_FAILED
sort_by	1	1	FAIL_CLOSED_OK	ANUBIS_EXECUTION_CHECK_FAILED
split	1	1	FAIL_CLOSED_OK	ANUBIS_EXECUTION_CHECK_FAILED
sql	0	1	RUN_REFUSES	ANUBIS_UNSUPPORTED_NATIVE_LOWERING
sqrt	1	1	FAIL_CLOSED_OK	ANUBIS_EXECUTION_CHECK_FAILED
starts_with	1	1	FAIL_CLOSED_OK	ANUBIS_EXECUTION_CHECK_FAILED
str	1	1	FAIL_CLOSED_OK	ANUBIS_EXECUTION_CHECK_FAILED
substr	1	1	FAIL_CLOSED_OK	ANUBIS_EXECUTION_CHECK_FAILED
sum	1	1	FAIL_CLOSED_OK	ANUBIS_EXECUTION_CHECK_FAILED
symbolic	0	1	RUN_REFUSES	ANUBIS_UNSUPPORTED_NATIVE_LOWERING
system	1	1	FAIL_CLOSED_OK	ANUBIS_EXECUTION_CHECK_FAILED
taint_source	1	1	FAIL_CLOSED_OK	
take	1	1	FAIL_CLOSED_OK	ANUBIS_EXECUTION_CHECK_FAILED
take_while	1	1	FAIL_CLOSED_OK	ANUBIS_EXECUTION_CHECK_FAILED
tan	1	1	FAIL_CLOSED_OK	ANUBIS_EXECUTION_CHECK_FAILED
target_run	1	1	FAIL_CLOSED_OK	ANUBIS_EXECUTION_CHECK_FAILED
time	0	0	RUNS	
time_now	0	0	RUNS	
times	1	1	FAIL_CLOSED_OK	ANUBIS_EXECUTION_CHECK_FAILED
to_hex	1	1	FAIL_CLOSED_OK	ANUBIS_EXECUTION_CHECK_FAILED
trim	1	1	FAIL_CLOSED_OK	ANUBIS_EXECUTION_CHECK_FAILED
trunc	1	1	FAIL_CLOSED_OK	ANUBIS_EXECUTION_CHECK_FAILED
tuple_hash	1	1	FAIL_CLOSED_OK	ANUBIS_EXECUTION_CHECK_FAILED
type	1	1	FAIL_CLOSED_OK	ANUBIS_EXECUTION_CHECK_FAILED
unique	1	1	FAIL_CLOSED_OK	ANUBIS_EXECUTION_CHECK_FAILED
upper	1	1	FAIL_CLOSED_OK	ANUBIS_EXECUTION_CHECK_FAILED
values	1	1	FAIL_CLOSED_OK	ANUBIS_EXECUTION_CHECK_FAILED
window	1	1	FAIL_CLOSED_OK	ANUBIS_EXECUTION_CHECK_FAILED
words	1	1	FAIL_CLOSED_OK	ANUBIS_EXECUTION_CHECK_FAILED
write	1	1	FAIL_CLOSED_OK	ANUBIS_EXECUTION_CHECK_FAILED
write_file	1	1	FAIL_CLOSED_OK	ANUBIS_EXECUTION_CHECK_FAILED
x25519_keygen	0	0	RUNS	
x25519_public_key	1	1	FAIL_CLOSED_OK	ANUBIS_EXECUTION_CHECK_FAILED
x25519_shared	1	1	FAIL_CLOSED_OK	ANUBIS_EXECUTION_CHECK_FAILED
zip	1	1	FAIL_CLOSED_OK	ANUBIS_EXECUTION_CHECK_FAILED
