id	family	form	intent	source_sha256	rc	observed	result
r2arm_sibling_binder_drops_requires	M-ARM-BINDER	carrier	REJECT	bb320b1ca0c970d6a4381df4078b4e1dacfaddb691af1587cc86a904671f152a	0	ACCEPT	FAIL-silent
r2arm_sibling_binder_drops_requires	M-ARM-BINDER	direct	REJECT	0a1044621d90b3d2b8ee8fbd15c17c6761047d0447c0f7295b044466103e0d2f	1	DISPROVED	compare
r2arm_unrelated_assumption_drops_requires	M-ARM-BINDER	carrier	REJECT	8051c0c2e9c34263c27c7b2c8c6bf1df2374db37020044a86766b05482d4333d	0	ACCEPT	FAIL-silent
r2arm_unrelated_assumption_drops_requires	M-ARM-BINDER	direct	REJECT	08eae6dd3a421437ca15a6bd740c529fb56f6a4a30cba11a683f5b5c3d570ce3	1	DISPROVED	compare
r2arm_renamed_binder_preserves_requires	M-ARM-BINDER	carrier	REJECT	6c705caf9f720daa2e49cbc1f24eef1fea8ce7681036a43fd1c13e0daf4e0c7a	1	DISPROVED	PASS
r2arm_satisfied_requires_remains_valid	M-ARM-BINDER	carrier	ACCEPT	2250e627fe9fbf6d49fdaabe69b81afe3aa6f7e4d1649ba0c040402944f0b09e	0	ACCEPT	PASS
r2arm_contract_call_scrutinee	M-CALL-POSITION	carrier	REJECT	b65d9ff62444c45a5fe28483d416ca131700e54afc67c29230b83a6cd2c4ff8b	1	DISPROVED	PASS
r2arm_contract_call_scrutinee	M-CALL-POSITION	direct	REJECT	b0a77a2e1fd9fc31a465b52f91fac9c30e79d12e4a99d9d3b8c8689194d7b5ca	1	DISPROVED	compare
r2arm_contract_call_guard	M-CALL-POSITION	carrier	REJECT	144704589a6375a580caf133e433200a7cfd2dd04c7071f8a7448516ad85a63a	1	DISPROVED	PASS
r2arm_contract_call_guard	M-CALL-POSITION	direct	REJECT	e7facc56237a38da37a4f7c8edc52eae6d1ef5b2718f90777cc2c16f26f732f7	1	DISPROVED	compare
r2arm_iflet_scrutinee_call	M-CALL-POSITION	carrier	REJECT	683e5d15ae1587f0c258ae4c427ce6d6c81015c4743ab9e761f22095c33786ae	1	DISPROVED	PASS
r2arm_iflet_scrutinee_call	M-CALL-POSITION	direct	REJECT	b0a77a2e1fd9fc31a465b52f91fac9c30e79d12e4a99d9d3b8c8689194d7b5ca	1	DISPROVED	compare
r2arm_same_binder_invalid_match	M-ARM-BINDER	carrier	REJECT	68120f2ca97d36991ac82112364914a389d1217dbbc20f2da395fee8715d5a76	1	UNDECIDED	FAIL-wrong-class
r2arm_same_binder_invalid_iflet	M-ARM-BINDER	carrier	REJECT	fa95aa6f54ca850366870ff66eea8b2271f9b31195a0603fc2257e10593db5e3	1	UNDECIDED	FAIL-wrong-class
r2arm_same_binder_valid_match	M-ARM-BINDER	carrier	ACCEPT	46b07d1258d75d434c71ff2868ec7e92a435a79c9041aa16a7e5425072135fea	1	UNDECIDED	FAIL-wrong-class
r2arm_same_binder_valid_iflet	M-ARM-BINDER	carrier	ACCEPT	38c7280c73dce18a60f16ae2afecd1a4794faa8add5781da83ea0e1a98c7f9fb	1	UNDECIDED	FAIL-wrong-class
r2arm_dead_binder_after_return	M-ARM-BINDER	carrier	ACCEPT	00d6467a2ff0b8ad5776fb08aafd95bf42a5f2fc24e73e6bdaed22cf532ae240	1	UNDECIDED	FAIL-wrong-class
r2arm_guard_false_binder_valid	M-ARM-BINDER	carrier	ACCEPT	392d01e405e7887152773b38648cd4585e9285d7f8646116ca132650b3c143d6	1	UNDECIDED	FAIL-wrong-class
r2arm_guard_establishes_binder_valid	M-ARM-BINDER	carrier	ACCEPT	0dafb12ae9dc1654052072d0d23227f8aecf0941b646e2cba6c4e7876e371c8b	1	UNDECIDED	FAIL-wrong-class
r2arm_quoted_string_symbol_valid	M-ARM-BINDER	carrier	ACCEPT	68524c707e04a2eddb486b7ad10898a30553bbddc21c2203b09d13cb2fd14770	0	ACCEPT	PASS
r2arm_contract_call_scrutinee_satisfied	M-CALL-POSITION	carrier	ACCEPT	20ecebde3b1d69b78db8ebe585a179b8839b7ccf9c41c5dafb84a8c631816919	0	ACCEPT	PASS
r2arm_contract_call_guard_satisfied	M-CALL-POSITION	carrier	ACCEPT	0c8e879946058fea99751d7b0a449f313d86dc606d7e9f09775cefb2d3e4514f	0	ACCEPT	PASS
r2arm_iflet_scrutinee_call_satisfied	M-CALL-POSITION	carrier	ACCEPT	8f00ae1338c9e40d013f66b195c55a083163d1bddf7c15dcd840ed9005c84330	0	ACCEPT	PASS
r2arm_contract_call_guard_short_circuit	M-CALL-POSITION	carrier	ACCEPT	b253ffbfdee3f3e66a545499ada91d2f2170d12d384ca33a56db232f665a320a	0	ACCEPT	PASS
r2arm_contract_call_guard_after_wildcard	M-CALL-POSITION	carrier	ACCEPT	e3e6e76666632977f965b40b4d09316569310b338cc57d1590d3705c93da0e04	0	ACCEPT	PASS
r2arm_outer_fact_after_match_scrutinee_call	M-CALL-POSITION	carrier	ACCEPT	cf32fdaae66f602c331eeb919283afcbbd9bfb6f997b9310d5d7add50d2f396b	0	ACCEPT	PASS
r2arm_outer_fact_after_match_guard_call	M-CALL-POSITION	carrier	ACCEPT	07c3ba28c382b33db7a89e975d21338a4bfd9d33fa5550e72d55bbe2a4691360	0	ACCEPT	PASS
r2arm_outer_fact_after_iflet_scrutinee_call	M-CALL-POSITION	carrier	ACCEPT	fc2000b2327dcd8b4ccce4648d71658c8159046e0abc87d3d93901a67b72f9e3	0	ACCEPT	PASS
r2arm_contract_guard_after_literal_match	M-CALL-POSITION	carrier	ACCEPT	fd5f3934fdf3fba9c9a5fcd306dc7241851120ca6517019b371404aa6cb22311	0	ACCEPT	PASS
r2arm_later_guard_after_untaken_body_write	M-CALL-POSITION	carrier	ACCEPT	35dd1d27852413c6c7a1251d8c113e9781acf3fd4fa54d1b1fb159581f72d40b	0	ACCEPT	PASS
r2arm_guard_assign_rhs_invalid	M-CALL-POSITION	carrier	REJECT	1074925910d101d52b491158da4f53b26dba798e79627f6d1574a67f322d1fb5	1	DISPROVED	PASS
r2arm_guard_assign_rhs_invalid	M-CALL-POSITION	direct	REJECT	d09bdb51e999a8af6a65daceac51781ecb8e597a3e50be4e5bea3cdc26739341	1	DISPROVED	compare
r2arm_guard_assign_rhs_valid	M-CALL-POSITION	carrier	ACCEPT	612b38a33e0a8d01c68d198fc501133a55ed16790ea857f89eef25c14ebe6028	0	ACCEPT	PASS
r2arm_guard_assign_rhs_dead_branch	M-CALL-POSITION	carrier	ACCEPT	920903081ad06ec33bb4d14d588ab152b1ccea95cb4f74c02e1259ef02d429dc	0	ACCEPT	PASS
r2arm_guard_assign_rhs_guarded	M-CALL-POSITION	carrier	ACCEPT	1e9fdca54ad69a37b7436bd7bc1eca8bef6761492613e8c285dda63767576dfc	0	ACCEPT	PASS
r2arm_guard_return_before_call_valid	M-CALL-POSITION	carrier	ACCEPT	eb8d41f854369ceee8dfc25ef677a254843faa85fff1449a2cbbdae60c2648ec	0	ACCEPT	PASS
r2arm_untaken_literal_guard_alias_valid	M-CALL-POSITION	carrier	ACCEPT	47666c3d428f8757049d7b79c588a48737306385512df4a5d202076fb25bd4da	0	ACCEPT	PASS
r2arm_guard_unmodelable_if_invalid	M-CALL-POSITION	carrier	REJECT	66b672e9d8747048f57db526c13fe5ee23285b3dccc09206eb63ead7b7a80594	1	UNDECIDED	FAIL-wrong-class
r2arm_guard_unmodelable_if_invalid	M-CALL-POSITION	direct	REJECT	8d9f2480a30d389b7a126056221fb1df8f1a129b5209cd588d88f1936e6a93b1	1	DISPROVED	compare
r2arm_guard_unmodelable_if_valid	M-CALL-POSITION	carrier	ACCEPT	8d65a9ebaf602060c0fee5ee22d0f8836527fa552d5967557957ea75433a885f	0	ACCEPT	PASS
r2arm_guard_unmodelable_if_dead	M-CALL-POSITION	carrier	ACCEPT	c12b1ad7dfa0915aae4c779c9affa807bb4b6b41ab8560e4c78d123875d44016	1	UNDECIDED	FAIL-wrong-class
