id	family	form	intent	source_path	source_content_commit	source_sha256	baseline_observed	repair8f_observed	candidate_observed	candidate_result	candidate_rc	raw_log_sha256	sanitized_log_section
r2arm_sibling_binder_drops_requires	M-ARM-BINDER	carrier	REJECT	tests/soundness/matrix/cases/r2arm_sibling_binder_drops_requires.anb	2ab0f01f9d738b10faa6df64aed8ba1f156f24cc	bb320b1ca0c970d6a4381df4078b4e1dacfaddb691af1587cc86a904671f152a	ACCEPT	ACCEPT	ACCEPT	FAIL-silent	0	53f1ed02a85b7c1b62ee6d67aba9c6116a10db9216e49da9ded67fc16f202610	r2arm_sibling_binder_drops_requires.carrier
r2arm_sibling_binder_drops_requires	M-ARM-BINDER	direct	REJECT	tests/soundness/matrix/cases/r2arm_sibling_binder_drops_requires.direct.anb	2ab0f01f9d738b10faa6df64aed8ba1f156f24cc	0a1044621d90b3d2b8ee8fbd15c17c6761047d0447c0f7295b044466103e0d2f	DISPROVED	DISPROVED	DISPROVED	compare	1	e8d712c458360192b98198b6b739475a4420022f8f48eb7e907aea8247ce5a0f	r2arm_sibling_binder_drops_requires.direct
r2arm_unrelated_assumption_drops_requires	M-ARM-BINDER	carrier	REJECT	tests/soundness/matrix/cases/r2arm_unrelated_assumption_drops_requires.anb	2ab0f01f9d738b10faa6df64aed8ba1f156f24cc	8051c0c2e9c34263c27c7b2c8c6bf1df2374db37020044a86766b05482d4333d	ACCEPT	ACCEPT	ACCEPT	FAIL-silent	0	dd5c7107a276c7dc1e1f9148a99cf396392e4351cda09e1088805d48a7f06708	r2arm_unrelated_assumption_drops_requires.carrier
r2arm_unrelated_assumption_drops_requires	M-ARM-BINDER	direct	REJECT	tests/soundness/matrix/cases/r2arm_unrelated_assumption_drops_requires.direct.anb	2ab0f01f9d738b10faa6df64aed8ba1f156f24cc	08eae6dd3a421437ca15a6bd740c529fb56f6a4a30cba11a683f5b5c3d570ce3	DISPROVED	DISPROVED	DISPROVED	compare	1	a74689eb44282e65d731bcbc50aa4305b12171e11fb20d45738fb9b0f08f5b05	r2arm_unrelated_assumption_drops_requires.direct
r2arm_renamed_binder_preserves_requires	M-ARM-BINDER	carrier	REJECT	tests/soundness/matrix/cases/r2arm_renamed_binder_preserves_requires.anb	2ab0f01f9d738b10faa6df64aed8ba1f156f24cc	6c705caf9f720daa2e49cbc1f24eef1fea8ce7681036a43fd1c13e0daf4e0c7a	DISPROVED	DISPROVED	DISPROVED	PASS	1	fb4b0ea0c3145c6b4eeb8bfd454cfbac85da92c29e78f9ee9729f6509c7e42a3	r2arm_renamed_binder_preserves_requires.carrier
r2arm_satisfied_requires_remains_valid	M-ARM-BINDER	carrier	ACCEPT	tests/soundness/matrix/cases/r2arm_satisfied_requires_remains_valid.anb	2ab0f01f9d738b10faa6df64aed8ba1f156f24cc	2250e627fe9fbf6d49fdaabe69b81afe3aa6f7e4d1649ba0c040402944f0b09e	ACCEPT	ACCEPT	ACCEPT	PASS	0	699309ae1cfda7c06cae2564d9fffebb099beefd324956f2ed0ec1805cd72114	r2arm_satisfied_requires_remains_valid.carrier
r2arm_contract_call_scrutinee	M-CALL-POSITION	carrier	REJECT	tests/soundness/matrix/cases/r2arm_contract_call_scrutinee.anb	e4f9bcb70530ace15033fd5e3db17e77c1d9753f	b65d9ff62444c45a5fe28483d416ca131700e54afc67c29230b83a6cd2c4ff8b	ACCEPT	DISPROVED	DISPROVED	PASS	1	27f84eff579aab45dfb0df8bc332d592d44ab2144a63705a9ba3d4081b12ad53	r2arm_contract_call_scrutinee.carrier
r2arm_contract_call_scrutinee	M-CALL-POSITION	direct	REJECT	tests/soundness/matrix/cases/r2arm_contract_call_scrutinee.direct.anb	e4f9bcb70530ace15033fd5e3db17e77c1d9753f	b0a77a2e1fd9fc31a465b52f91fac9c30e79d12e4a99d9d3b8c8689194d7b5ca	DISPROVED	DISPROVED	DISPROVED	compare	1	b4abd3c5525a39bcbf970b3ab65e6eb3201dcd2e689bf68f171415fe937b33de	r2arm_contract_call_scrutinee.direct
r2arm_contract_call_guard	M-CALL-POSITION	carrier	REJECT	tests/soundness/matrix/cases/r2arm_contract_call_guard.anb	e4f9bcb70530ace15033fd5e3db17e77c1d9753f	144704589a6375a580caf133e433200a7cfd2dd04c7071f8a7448516ad85a63a	ACCEPT	DISPROVED	DISPROVED	PASS	1	6ce388a5943d020950739311320c8a519d21d25830e2b7bd4c81413efd7274fb	r2arm_contract_call_guard.carrier
r2arm_contract_call_guard	M-CALL-POSITION	direct	REJECT	tests/soundness/matrix/cases/r2arm_contract_call_guard.direct.anb	e4f9bcb70530ace15033fd5e3db17e77c1d9753f	e7facc56237a38da37a4f7c8edc52eae6d1ef5b2718f90777cc2c16f26f732f7	DISPROVED	DISPROVED	DISPROVED	compare	1	a765cbca2e1feaaaa43ba199c5e81e74d2308c4c7c7aec322357c38b04f4cd52	r2arm_contract_call_guard.direct
r2arm_iflet_scrutinee_call	M-CALL-POSITION	carrier	REJECT	tests/soundness/matrix/cases/r2arm_iflet_scrutinee_call.anb	e4f9bcb70530ace15033fd5e3db17e77c1d9753f	683e5d15ae1587f0c258ae4c427ce6d6c81015c4743ab9e761f22095c33786ae	ACCEPT	DISPROVED	DISPROVED	PASS	1	7c7a5c695b07607a631e4ceb2eb13b34b0938bd0563f645d9f9f0e22dc20aca8	r2arm_iflet_scrutinee_call.carrier
r2arm_iflet_scrutinee_call	M-CALL-POSITION	direct	REJECT	tests/soundness/matrix/cases/r2arm_iflet_scrutinee_call.direct.anb	e4f9bcb70530ace15033fd5e3db17e77c1d9753f	b0a77a2e1fd9fc31a465b52f91fac9c30e79d12e4a99d9d3b8c8689194d7b5ca	DISPROVED	DISPROVED	DISPROVED	compare	1	b62ebd2032b316030e4e0d001ef9f1ab3e8c1cd11e3ecc02c3cc6933f305cb07	r2arm_iflet_scrutinee_call.direct
r2arm_same_binder_invalid_match	M-ARM-BINDER	carrier	REJECT	tests/soundness/matrix/cases/r2arm_same_binder_invalid_match.anb	e4f9bcb70530ace15033fd5e3db17e77c1d9753f	68120f2ca97d36991ac82112364914a389d1217dbbc20f2da395fee8715d5a76	UNDECIDED	UNDECIDED	UNDECIDED	FAIL-wrong-class	1	819267145fb9dd0aaf1ed68207b9352f9b6e6d345f42792f49cecea99f799d4c	r2arm_same_binder_invalid_match.carrier
r2arm_same_binder_invalid_iflet	M-ARM-BINDER	carrier	REJECT	tests/soundness/matrix/cases/r2arm_same_binder_invalid_iflet.anb	e4f9bcb70530ace15033fd5e3db17e77c1d9753f	fa95aa6f54ca850366870ff66eea8b2271f9b31195a0603fc2257e10593db5e3	UNDECIDED	UNDECIDED	UNDECIDED	FAIL-wrong-class	1	f400695c500d0c064dc3f698f506cc4767eae82f47f415aef8df73d5f94879a3	r2arm_same_binder_invalid_iflet.carrier
r2arm_same_binder_valid_match	M-ARM-BINDER	carrier	ACCEPT	tests/soundness/matrix/cases/r2arm_same_binder_valid_match.anb	e4f9bcb70530ace15033fd5e3db17e77c1d9753f	46b07d1258d75d434c71ff2868ec7e92a435a79c9041aa16a7e5425072135fea	UNDECIDED	UNDECIDED	UNDECIDED	FAIL-wrong-class	1	9a99ffbbe0d5c636865d81aeeaecca855a5acb904809b25c843abbf88ce1cc1f	r2arm_same_binder_valid_match.carrier
r2arm_same_binder_valid_iflet	M-ARM-BINDER	carrier	ACCEPT	tests/soundness/matrix/cases/r2arm_same_binder_valid_iflet.anb	e4f9bcb70530ace15033fd5e3db17e77c1d9753f	38c7280c73dce18a60f16ae2afecd1a4794faa8add5781da83ea0e1a98c7f9fb	UNDECIDED	UNDECIDED	UNDECIDED	FAIL-wrong-class	1	da9a5b219472450ccf8c9d89066dafe455edaed9daefb5b132c1922bf2cd904f	r2arm_same_binder_valid_iflet.carrier
r2arm_dead_binder_after_return	M-ARM-BINDER	carrier	ACCEPT	tests/soundness/matrix/cases/r2arm_dead_binder_after_return.anb	e4f9bcb70530ace15033fd5e3db17e77c1d9753f	00d6467a2ff0b8ad5776fb08aafd95bf42a5f2fc24e73e6bdaed22cf532ae240	UNDECIDED	UNDECIDED	UNDECIDED	FAIL-wrong-class	1	28c3d72a631dd51c56732d68353c861201b671d91dcf7d4d30d05248882f65e7	r2arm_dead_binder_after_return.carrier
r2arm_guard_false_binder_valid	M-ARM-BINDER	carrier	ACCEPT	tests/soundness/matrix/cases/r2arm_guard_false_binder_valid.anb	e4f9bcb70530ace15033fd5e3db17e77c1d9753f	392d01e405e7887152773b38648cd4585e9285d7f8646116ca132650b3c143d6	UNDECIDED	UNDECIDED	UNDECIDED	FAIL-wrong-class	1	44c0ad34bc155f58d50dc135c54a355aeebb3f27125d98daff64174708f03928	r2arm_guard_false_binder_valid.carrier
r2arm_guard_establishes_binder_valid	M-ARM-BINDER	carrier	ACCEPT	tests/soundness/matrix/cases/r2arm_guard_establishes_binder_valid.anb	e4f9bcb70530ace15033fd5e3db17e77c1d9753f	0dafb12ae9dc1654052072d0d23227f8aecf0941b646e2cba6c4e7876e371c8b	UNDECIDED	UNDECIDED	UNDECIDED	FAIL-wrong-class	1	bbadb3065a07fd86c93a3a907f585533cc8515fe47904fc7433b6bc02dbd24d6	r2arm_guard_establishes_binder_valid.carrier
r2arm_quoted_string_symbol_valid	M-ARM-BINDER	carrier	ACCEPT	tests/soundness/matrix/cases/r2arm_quoted_string_symbol_valid.anb	e4f9bcb70530ace15033fd5e3db17e77c1d9753f	68524c707e04a2eddb486b7ad10898a30553bbddc21c2203b09d13cb2fd14770	ACCEPT	ACCEPT	ACCEPT	PASS	0	377df21523c57d0baa47e9b2aa08fe1b3f8326f77cbbe943d5bfb4f20cdc5983	r2arm_quoted_string_symbol_valid.carrier
r2arm_contract_call_scrutinee_satisfied	M-CALL-POSITION	carrier	ACCEPT	tests/soundness/matrix/cases/r2arm_contract_call_scrutinee_satisfied.anb	801766852e6c3e730ba5b4f0a3f2bc75efff2d5d	20ecebde3b1d69b78db8ebe585a179b8839b7ccf9c41c5dafb84a8c631816919	ACCEPT	ACCEPT	ACCEPT	PASS	0	ced641aa5e18aab89356425aaef5931f65781587d6b423dee1f0403d8f6f92d5	r2arm_contract_call_scrutinee_satisfied.carrier
r2arm_contract_call_guard_satisfied	M-CALL-POSITION	carrier	ACCEPT	tests/soundness/matrix/cases/r2arm_contract_call_guard_satisfied.anb	801766852e6c3e730ba5b4f0a3f2bc75efff2d5d	0c8e879946058fea99751d7b0a449f313d86dc606d7e9f09775cefb2d3e4514f	ACCEPT	ACCEPT	ACCEPT	PASS	0	5a4d3c13ada1c1a234b61f51bab593aa061649ed390675ed490c1dd46614e658	r2arm_contract_call_guard_satisfied.carrier
r2arm_iflet_scrutinee_call_satisfied	M-CALL-POSITION	carrier	ACCEPT	tests/soundness/matrix/cases/r2arm_iflet_scrutinee_call_satisfied.anb	801766852e6c3e730ba5b4f0a3f2bc75efff2d5d	8f00ae1338c9e40d013f66b195c55a083163d1bddf7c15dcd840ed9005c84330	ACCEPT	ACCEPT	ACCEPT	PASS	0	ee6fff2b6386812daf6f5d8f56811dbe385a0fb7a2bd971f0e818a303d147e06	r2arm_iflet_scrutinee_call_satisfied.carrier
r2arm_contract_call_guard_short_circuit	M-CALL-POSITION	carrier	ACCEPT	tests/soundness/matrix/cases/r2arm_contract_call_guard_short_circuit.anb	801766852e6c3e730ba5b4f0a3f2bc75efff2d5d	b253ffbfdee3f3e66a545499ada91d2f2170d12d384ca33a56db232f665a320a	ACCEPT	ACCEPT	ACCEPT	PASS	0	aaa9300e0a2467ae4994d7f7a422dfdfea782fe2fa8c11e81add71f6c544cf89	r2arm_contract_call_guard_short_circuit.carrier
r2arm_contract_call_guard_after_wildcard	M-CALL-POSITION	carrier	ACCEPT	tests/soundness/matrix/cases/r2arm_contract_call_guard_after_wildcard.anb	801766852e6c3e730ba5b4f0a3f2bc75efff2d5d	e3e6e76666632977f965b40b4d09316569310b338cc57d1590d3705c93da0e04	ACCEPT	ACCEPT	ACCEPT	PASS	0	90f53a700ff7e40788568fc908048c8e0cbb13d208751cae3e3a67935c364846	r2arm_contract_call_guard_after_wildcard.carrier
r2arm_outer_fact_after_match_scrutinee_call	M-CALL-POSITION	carrier	ACCEPT	tests/soundness/matrix/cases/r2arm_outer_fact_after_match_scrutinee_call.anb	5e4604d2ca9204787ac4a6d58ec98b0d1ea14094	cf32fdaae66f602c331eeb919283afcbbd9bfb6f997b9310d5d7add50d2f396b	ACCEPT	ACCEPT	ACCEPT	PASS	0	b7373ce6370eeafe51a737817bbb15cbfc3feb74f36147faa94d70d991623752	r2arm_outer_fact_after_match_scrutinee_call.carrier
r2arm_outer_fact_after_match_guard_call	M-CALL-POSITION	carrier	ACCEPT	tests/soundness/matrix/cases/r2arm_outer_fact_after_match_guard_call.anb	5e4604d2ca9204787ac4a6d58ec98b0d1ea14094	07c3ba28c382b33db7a89e975d21338a4bfd9d33fa5550e72d55bbe2a4691360	ACCEPT	ACCEPT	ACCEPT	PASS	0	c25c0deccb67bf3a1cede8f7d7785402ff45ae00e116be268541dbcc3ddec81b	r2arm_outer_fact_after_match_guard_call.carrier
r2arm_outer_fact_after_iflet_scrutinee_call	M-CALL-POSITION	carrier	ACCEPT	tests/soundness/matrix/cases/r2arm_outer_fact_after_iflet_scrutinee_call.anb	5e4604d2ca9204787ac4a6d58ec98b0d1ea14094	fc2000b2327dcd8b4ccce4648d71658c8159046e0abc87d3d93901a67b72f9e3	ACCEPT	ACCEPT	ACCEPT	PASS	0	3d24b79f6dbd2cab3bd9430cf3490c448d4f8269bee0cd13742b57f3e1e1f2a8	r2arm_outer_fact_after_iflet_scrutinee_call.carrier
r2arm_contract_guard_after_literal_match	M-CALL-POSITION	carrier	ACCEPT	tests/soundness/matrix/cases/r2arm_contract_guard_after_literal_match.anb	d7c110c174e141dba12f72e6a23de0ac78dbfcb2	fd5f3934fdf3fba9c9a5fcd306dc7241851120ca6517019b371404aa6cb22311	ACCEPT	ACCEPT	ACCEPT	PASS	0	285829b84efc70feba7abf6d138af359e0ecba26ad49f12dafa9f18aa663601a	r2arm_contract_guard_after_literal_match.carrier
r2arm_later_guard_after_untaken_body_write	M-CALL-POSITION	carrier	ACCEPT	tests/soundness/matrix/cases/r2arm_later_guard_after_untaken_body_write.anb	7162d2fce8ebba276132cb0b46aa7543fbcd17aa	35dd1d27852413c6c7a1251d8c113e9781acf3fd4fa54d1b1fb159581f72d40b	ACCEPT	ACCEPT	ACCEPT	PASS	0	2d7ba29f5f7ec60659cf4bc324d90b26ced393a61b36b34652648d13c423b0fa	r2arm_later_guard_after_untaken_body_write.carrier
r2arm_guard_assign_rhs_invalid	M-CALL-POSITION	carrier	REJECT	tests/soundness/matrix/cases/r2arm_guard_assign_rhs_invalid.anb	594c51621b96a55d8ba6d981749017f3d569ffe8	1074925910d101d52b491158da4f53b26dba798e79627f6d1574a67f322d1fb5	ACCEPT	DISPROVED	DISPROVED	PASS	1	806e5353f0fa67e72fa2f0748a490c74b84045d357b8aa802a31948dccf4ce46	r2arm_guard_assign_rhs_invalid.carrier
r2arm_guard_assign_rhs_invalid	M-CALL-POSITION	direct	REJECT	tests/soundness/matrix/cases/r2arm_guard_assign_rhs_invalid.direct.anb	594c51621b96a55d8ba6d981749017f3d569ffe8	d09bdb51e999a8af6a65daceac51781ecb8e597a3e50be4e5bea3cdc26739341	DISPROVED	DISPROVED	DISPROVED	compare	1	4ab8df6c210400eba7e835ccc60fb802b5a9f52ef60a08e14a84fed54d0e6e2b	r2arm_guard_assign_rhs_invalid.direct
r2arm_guard_assign_rhs_valid	M-CALL-POSITION	carrier	ACCEPT	tests/soundness/matrix/cases/r2arm_guard_assign_rhs_valid.anb	594c51621b96a55d8ba6d981749017f3d569ffe8	612b38a33e0a8d01c68d198fc501133a55ed16790ea857f89eef25c14ebe6028	ACCEPT	ACCEPT	ACCEPT	PASS	0	63cfaa5e0d5cc0f8d24fca67a95e9e8e2fe1c263359898de2356589ecb462fda	r2arm_guard_assign_rhs_valid.carrier
r2arm_guard_assign_rhs_dead_branch	M-CALL-POSITION	carrier	ACCEPT	tests/soundness/matrix/cases/r2arm_guard_assign_rhs_dead_branch.anb	e3d4e001e75fa41bfaf6d612c33e3d8a332d11f3	920903081ad06ec33bb4d14d588ab152b1ccea95cb4f74c02e1259ef02d429dc	ACCEPT	ACCEPT	ACCEPT	PASS	0	847ff8482dee6b034fc224d9012617bb841b0c1ebb2dc36c1b42705e6f73e5e5	r2arm_guard_assign_rhs_dead_branch.carrier
r2arm_guard_assign_rhs_guarded	M-CALL-POSITION	carrier	ACCEPT	tests/soundness/matrix/cases/r2arm_guard_assign_rhs_guarded.anb	e3d4e001e75fa41bfaf6d612c33e3d8a332d11f3	1e9fdca54ad69a37b7436bd7bc1eca8bef6761492613e8c285dda63767576dfc	ACCEPT	ACCEPT	ACCEPT	PASS	0	a5439eddd3554afcee14a0153d34f8a06f0575f5ce8f70b05431279e3292b3f3	r2arm_guard_assign_rhs_guarded.carrier
r2arm_guard_return_before_call_valid	M-CALL-POSITION	carrier	ACCEPT	tests/soundness/matrix/cases/r2arm_guard_return_before_call_valid.anb	939d90aec9737829affe210cefe353ba22e0b99f	eb8d41f854369ceee8dfc25ef677a254843faa85fff1449a2cbbdae60c2648ec	ACCEPT	ACCEPT	ACCEPT	PASS	0	ad57e5cf3bab98c48f2cd98ea7bdc09a9f9a5016ce1ec8afbe1a0033b181f607	r2arm_guard_return_before_call_valid.carrier
r2arm_untaken_literal_guard_alias_valid	M-CALL-POSITION	carrier	ACCEPT	tests/soundness/matrix/cases/r2arm_untaken_literal_guard_alias_valid.anb	939d90aec9737829affe210cefe353ba22e0b99f	47666c3d428f8757049d7b79c588a48737306385512df4a5d202076fb25bd4da	ACCEPT	ACCEPT	ACCEPT	PASS	0	45086f4cc9eb18d3c39164609644dbebff3b638e9fe8ddf0021c51010e5711be	r2arm_untaken_literal_guard_alias_valid.carrier
r2arm_guard_unmodelable_if_invalid	M-CALL-POSITION	carrier	REJECT	tests/soundness/matrix/cases/r2arm_guard_unmodelable_if_invalid.anb	939d90aec9737829affe210cefe353ba22e0b99f	66b672e9d8747048f57db526c13fe5ee23285b3dccc09206eb63ead7b7a80594	ACCEPT	UNDECIDED	DISPROVED	PASS	1	e002737a734f4611a8aadef2d494463a126cf1d76c0939e7fdd0cffc467a496b	r2arm_guard_unmodelable_if_invalid.carrier
r2arm_guard_unmodelable_if_invalid	M-CALL-POSITION	direct	REJECT	tests/soundness/matrix/cases/r2arm_guard_unmodelable_if_invalid.direct.anb	939d90aec9737829affe210cefe353ba22e0b99f	8d9f2480a30d389b7a126056221fb1df8f1a129b5209cd588d88f1936e6a93b1	DISPROVED	DISPROVED	DISPROVED	compare	1	837232d1857d984ae0588f33a259a87e53d8e61478f62593c71ac8830c7ef2dd	r2arm_guard_unmodelable_if_invalid.direct
r2arm_guard_unmodelable_if_valid	M-CALL-POSITION	carrier	ACCEPT	tests/soundness/matrix/cases/r2arm_guard_unmodelable_if_valid.anb	939d90aec9737829affe210cefe353ba22e0b99f	8d65a9ebaf602060c0fee5ee22d0f8836527fa552d5967557957ea75433a885f	ACCEPT	ACCEPT	ACCEPT	PASS	0	eb0ee54a4ff9fdb8d4370f71b44603e6e3ada5c49a60c3fcc8611779ba3a3912	r2arm_guard_unmodelable_if_valid.carrier
r2arm_guard_unmodelable_if_dead	M-CALL-POSITION	carrier	ACCEPT	tests/soundness/matrix/cases/r2arm_guard_unmodelable_if_dead.anb	939d90aec9737829affe210cefe353ba22e0b99f	c12b1ad7dfa0915aae4c779c9affa807bb4b6b41ab8560e4c78d123875d44016	ACCEPT	UNDECIDED	ACCEPT	PASS	0	81f64264f4b1535c845db064ba5fc7d0f82cab7b3830886a5d7e6e5c125b1110	r2arm_guard_unmodelable_if_dead.carrier
r2arm_partial_guard_pred_false_valid	M-CALL-POSITION	carrier	ACCEPT	tests/soundness/matrix/cases/r2arm_partial_guard_pred_false_valid.anb	db367d4911d364e0a7f8477382c3e731a780cbbd	1ed566120dd9def079962226a77586bdf9f0e004e5678aee32460ff97369e2ef	ACCEPT	DISPROVED	ACCEPT	PASS	0	af75409618813049a2bad6fb076212da138f13df611dab3e07b67b0d386fa3a4	r2arm_partial_guard_pred_false_valid.carrier
r2arm_partial_guard_live_invalid	M-CALL-POSITION	carrier	REJECT	tests/soundness/matrix/cases/r2arm_partial_guard_live_invalid.anb	db367d4911d364e0a7f8477382c3e731a780cbbd	b0a8bdf1a3059e1d08d298cdf4d9cc8a188647cf2d3751831ee185547067d139	ACCEPT	DISPROVED	DISPROVED	PASS	1	21e2701f641b1a103f521787c8b56c3141c19a00fb42549a40b15809cff08f69	r2arm_partial_guard_live_invalid.carrier
r2arm_partial_guard_live_invalid	M-CALL-POSITION	direct	REJECT	tests/soundness/matrix/cases/r2arm_partial_guard_live_invalid.direct.anb	db367d4911d364e0a7f8477382c3e731a780cbbd	6433af12a86c0c3de6b29b7138d72d7d903ef3eae671c350b631267cd049fcae	DISPROVED	DISPROVED	DISPROVED	compare	1	8379311d0423cf1720857ccdc8f87d38994b55beba6228f2d12047b9100296f3	r2arm_partial_guard_live_invalid.direct
r2arm_partial_guard_live_valid	M-CALL-POSITION	carrier	ACCEPT	tests/soundness/matrix/cases/r2arm_partial_guard_live_valid.anb	db367d4911d364e0a7f8477382c3e731a780cbbd	93bebf68ee5cbb073286fc9d14d0c1f4192a6aa55767d90b7615e9308feb0c7c	ACCEPT	ACCEPT	ACCEPT	PASS	0	58b7bb9b792821af89d1fd6794e04a018b23a161724fcf9b1b92629986fad54a	r2arm_partial_guard_live_valid.carrier
r2arm_partial_guard_dead_valid	M-CALL-POSITION	carrier	ACCEPT	tests/soundness/matrix/cases/r2arm_partial_guard_dead_valid.anb	db367d4911d364e0a7f8477382c3e731a780cbbd	7d4b84657d2134285c89c230cc81d0bd429cb674a2ab984f7224d494ba53f56d	ACCEPT	ACCEPT	ACCEPT	PASS	0	8045049cf8e4299f079523c7f670b4ae5e2b5154ff0d1a69a7d5117bfc58274d	r2arm_partial_guard_dead_valid.carrier
r2arm_duplicate_direct_before_invalid	M-CALL-POSITION	carrier	REJECT	tests/soundness/matrix/cases/r2arm_duplicate_direct_before_invalid.anb	db367d4911d364e0a7f8477382c3e731a780cbbd	949c03a28fafbed8d436a9af55d711d43267ae1dc3c2389588e433545d7804e5	DISPROVED	UNDECIDED	DISPROVED	PASS	1	dceb6d0f39becfa01de217ee6a463d98260ffdbecddb731781e18b73fe993681	r2arm_duplicate_direct_before_invalid.carrier
r2arm_duplicate_direct_before_invalid	M-CALL-POSITION	direct	REJECT	tests/soundness/matrix/cases/r2arm_duplicate_direct_before_invalid.direct.anb	db367d4911d364e0a7f8477382c3e731a780cbbd	6433af12a86c0c3de6b29b7138d72d7d903ef3eae671c350b631267cd049fcae	DISPROVED	DISPROVED	DISPROVED	compare	1	894e1ebb9dc1ebe3fdb5f25fb0943357cd4482f75c8979c5d3c5ad460d076bc4	r2arm_duplicate_direct_before_invalid.direct
r2arm_duplicate_direct_after_invalid	M-CALL-POSITION	carrier	REJECT	tests/soundness/matrix/cases/r2arm_duplicate_direct_after_invalid.anb	db367d4911d364e0a7f8477382c3e731a780cbbd	16c05e61737e28d3a502fe35100f8a87eb14409b245164fb35af047232362563	DISPROVED	UNDECIDED	DISPROVED	PASS	1	c517587554719646793da4e97936a635bd0a0d4e29d439bffdfbace0008b64fd	r2arm_duplicate_direct_after_invalid.carrier
r2arm_duplicate_direct_after_invalid	M-CALL-POSITION	direct	REJECT	tests/soundness/matrix/cases/r2arm_duplicate_direct_after_invalid.direct.anb	db367d4911d364e0a7f8477382c3e731a780cbbd	6433af12a86c0c3de6b29b7138d72d7d903ef3eae671c350b631267cd049fcae	DISPROVED	DISPROVED	DISPROVED	compare	1	ba5003494c2c7cad4e26f2b92392143c5da7602fdcd85c0a4bc372b8da4f1a5d	r2arm_duplicate_direct_after_invalid.direct
r2arm_duplicate_both_valid	M-CALL-POSITION	carrier	ACCEPT	tests/soundness/matrix/cases/r2arm_duplicate_both_valid.anb	db367d4911d364e0a7f8477382c3e731a780cbbd	b477371d8c15fb2d9cc8e3bd11bbe9b24f053411df701441c804747f782745e5	ACCEPT	ACCEPT	ACCEPT	PASS	0	73d9410affdbb489b85ebc49ca32e992028ed03eeae602f951d426c545eb6016	r2arm_duplicate_both_valid.carrier
r2arm_expr_match_untaken_guard_alias_valid	M-CALL-POSITION	carrier	ACCEPT	tests/soundness/matrix/cases/r2arm_expr_match_untaken_guard_alias_valid.anb	db367d4911d364e0a7f8477382c3e731a780cbbd	cf43427920fc58423c15a53f1cdc4903c228b5bf3fed4cb2e1b50b490e4e1909	DISPROVED	DISPROVED	ACCEPT	PASS	0	a0af4c5578a20457693b8777b9b6cd6e6624f509acccee82fe62745564588d6f	r2arm_expr_match_untaken_guard_alias_valid.carrier
r2arm_expr_match_live_guard_alias_invalid	M-CALL-POSITION	carrier	REJECT	tests/soundness/matrix/cases/r2arm_expr_match_live_guard_alias_invalid.anb	db367d4911d364e0a7f8477382c3e731a780cbbd	3a77248ad4920e74e749e472c65cf539e6b2a82f80b2b7f9df800996185671df	DISPROVED	DISPROVED	DISPROVED	PASS	1	53cb9405493d86042517674964ca458be1b28114f4b1c03e9f7aed1ec8f0a97e	r2arm_expr_match_live_guard_alias_invalid.carrier
r2arm_expr_match_live_guard_alias_invalid	M-CALL-POSITION	direct	REJECT	tests/soundness/matrix/cases/r2arm_expr_match_live_guard_alias_invalid.direct.anb	db367d4911d364e0a7f8477382c3e731a780cbbd	839b91b56f7e786112a3dd37b606cf680d65e5721b4de4ef8b55c4e4f10d91a7	DISPROVED	DISPROVED	DISPROVED	compare	1	157cf6b8384ef6a60f4fa7bbe1e822c67056c5c12334c56d500e8e14b506f66b	r2arm_expr_match_live_guard_alias_invalid.direct
r2arm_arm_tail_write_fact_invalid	M-CALL-POSITION	carrier	REJECT	tests/soundness/matrix/cases/r2arm_arm_tail_write_fact_invalid.anb	17107ab4acc2f27d0c1f98118305e09d96facf09	83050822ce7bbff42980022dd26f6a9fd7d01e99797bb946ce40487f940c5958	DISPROVED	DISPROVED	DISPROVED	PASS	1	33dd6cc3bae11bf87db21efeac71f4e7f51774af49e8784c43195d5b5b4f1c41	r2arm_arm_tail_write_fact_invalid.carrier
r2arm_arm_tail_write_fact_invalid	M-CALL-POSITION	direct	REJECT	tests/soundness/matrix/cases/r2arm_arm_tail_write_fact_invalid.direct.anb	db367d4911d364e0a7f8477382c3e731a780cbbd	f70f97b1b6e3da073aecb361d923c9fab1b4835536a36ca2bf06b2117dcc8582	DISPROVED	DISPROVED	DISPROVED	compare	1	6a0f473d31cc7d9330855c9b80163e0afb9577b6efc786008957ebbf706351e1	r2arm_arm_tail_write_fact_invalid.direct
r2arm_arm_tail_guarded_valid	M-CALL-POSITION	carrier	ACCEPT	tests/soundness/matrix/cases/r2arm_arm_tail_guarded_valid.anb	db367d4911d364e0a7f8477382c3e731a780cbbd	3b6044984f24cfc365949064060f88675af628d049080410239b4e53b1c6b2cc	ACCEPT	ACCEPT	ACCEPT	PASS	0	850d961e8fa6f4531b0f249978e6d936f224b5bd52d8f1a0ffd76a81bbe8a161	r2arm_arm_tail_guarded_valid.carrier
