step	status	command	evidence
gate7_pass	PASS	cargo run -- check examples/symbolic_assert_pass.anb --evidence --out ...	$DIR/a_plus_gate7_pass
gate7_fail	PASS	cargo run -- check examples/symbolic_assert_fail.anb ...	$DIR/a_plus_gate7_fail
gate7_bitmask	PASS (math holds)	cargo ... bitmask	$DIR/...
gate7_overflow	PASS/FAIL depending semantics	cargo ... overflow	$DIR/...
schema	PASS	bash scripts/check_evidence_schema.sh ...	...
verify	PASS	bash scripts/verify... 
tamper	PASS (detected)	... tamper ... || echo detected
fmt	PASS (after)	cargo fmt --check
test	PASS (z3 one)	cargo test -p ... solver
clippy	warnings but passed core	cargo clippy ...
